<?xml version="1.0" encoding="utf-8" ?> 

<sqlMap xmlns:xsi="http://www.w3.org/2001/XMLSchema-instance" xmlns="http://ibatis.apache.org/mapping" namespace="CchenSoft.Blog">

	<!-- XML "behind" document for the info service class. -->

	<alias>
		<typeAlias alias="Forum" type="CchenSoft.Portal.Forum.Model.Forum, CchenSoft.Portal.Forum" />
		<typeAlias alias="Topic" type="CchenSoft.Portal.Forum.Model.Topic, CchenSoft.Portal.Forum" />
		<typeAlias alias="Reply" type="CchenSoft.Portal.Forum.Model.Reply, CchenSoft.Portal.Forum" />
		<typeAlias alias="UserInfo" type="CchenSoft.Portal.Forum.Model.UserInfo, CchenSoft.Portal.Forum" />
		<typeAlias alias="UserGrade" type="CchenSoft.Portal.Forum.Model.UserGrade, CchenSoft.Portal.Forum" />
	</alias>
	
	<resultMaps>
	
		<!-- forum映射 -->
		<resultMap id="ForumResult" class="Forum">
			<result property="ForumId" column="forum_id" />
			<result property="ParentId" column="parent_id" />
			<result property="Name" column="name" />
			<result property="Description" column="description" />
			<result property="SortNo"  column="sort_no" />
			<result property="TopicCount"  column="topic_count" />
			<result property="ReplyCount"  column="reply_count" />
			<result property="LastTopic"  column="last_topic" />
		</resultMap>

		<resultMap id="TopicResult" class="Topic">
			<result property="TopicId" column="topic_id" />
			<result property="ForumId" column="forum_id" />
			<result property="Title" column="title" />
			<result property="Content" column="content" />
			<result property="UserId"  column="user_id" />
			<result property="PostDate"  column="post_date" />
			<result property="ViewCount" column="view_count" />
			<result property="LastReply"  column="last_reply" />
			<result property="ReplyCount"  column="reply_count" />
			<result property="ClientIP" column="client_ip" />
		</resultMap>

		<resultMap id="ReplyResult" class="Reply">
			<result property="ReplyId" column="reply_id" />
			<result property="TopicId" column="topic_id" />
			<result property="ForumId" column="forum_id" />
			<result property="Title" column="title" />
			<result property="Content" column="content" />
			<result property="UserId"  column="user_id" />
			<result property="PostDate"  column="post_date" />
			<result property="ClientIP" column="client_ip" />
		</resultMap>

		<resultMap id="UserGradeResult" class="UserGrade">
			<result property="GradeId" column="grade_id" />
			<result property="Name" column="name" />
			<result property="ImageUrl" column="image_url" />
			<result property="topics" column="topics" />
		</resultMap>

		<resultMap id="UserInfoResult" class="UserInfo">
			<result property="UserId" column="user_id" />
			<result property="Nickname" column="nickname" />
			<result property="PhotoUrl" column="photo_url" />
			<result property="Signature" column="signature" />
			<result property="Grade" column="grade" />
		</resultMap>
		
	</resultMaps>
	
	<statements>

		<select id="GetForumById" parameterClass="int" resultMap="ForumResult">
			select * from portal_forum_forums
			where forum_id = #value#
		</select>
		
		<select id="GetForumsByParent" parameterClass="int" resultMap="ForumResult">
			select * from portal_forum_forums
				where parent_id = #value#
				order by sort_no
		</select>

		<select id="GetTopicsByForum" parameterClass="int" resultMap="TopicResult">
			select * from portal_forum_topics
				where forum_id = #value#
		</select>

		<insert id="InsertTopic" parameterClass="Topic">
			insert into portal_forum_topics
			(forum_id, title, content, user_id, post_date, view_count, last_reply, reply_count, client_ip)
			values
			(#ForumId#, #Title#, #Content#, #UserId#, #PostDate#, #ViewCount#, #LastReply#, #ReplyCount#, #ClientIP#)
			<selectKey property="TopicId" resultClass="int" type="post">
				select @@Identity as TopicId
			</selectKey>
		</insert>

		<update id="UpdateForumTopicCount" parameterClass="map">
			  update portal_forum_forums set
				  topic_count = topic_count + 1, last_topic = #TopicId#
			   where forum_id = #ForumId#
		</update>

		<update id="UpdateForumReplyCount" parameterClass="int">
			  update portal_forum_forums set
				  reply_count = reply_count + 1
				where forum_id = #value#
		</update>
			  
		<update id="UpdateTopicReplyCount" parameterClass="map">
			 update portal_forum_topics set
					  reply_count = reply_count + 1, last_reply = #ReplyId#
				where topic_id = #TopicId#
		</update>

		<update id="UpdateTopicViewCount" parameterClass="int">
			update portal_forum_topics set
				view_count = view_count + 1
			where topic_id = #value#
		</update>
			  
		<insert id="InsertReply" parameterClass="Reply">
			insert into portal_forum_replies
			(topic_id, forum_id, title, content, user_id, post_date, client_ip)
			values
			(#TopicId#, #ForumId#, #Title#, #Content#, #UserId#, #PostDate#, #ClientIP#)
			<selectKey property="ReplyId" resultClass="int" type="post">
				select @@Identity as ReplyId
			</selectKey>									
		</insert>
		
		<select id="GetRepliesByTopic" parameterClass="int" resultMap="ReplyResult">
			select * from portal_forum_replies
			where topic_id = #value#
		</select>

		<select id="GetTopicById" parameterClass="int" resultMap="TopicResult">
			select * from portal_forum_topics
			where topic_id = #value#
		</select>

		<select id="GetUserInfoById" parameterClass="int" resultMap="UserInfoResult">
			select * from portal_forum_userinfos
					 where user_id = #value#
		</select>

		<insert id="InsertUserInfo" parameterClass="UserInfo">
			insert into portal_forum_userinfos (user_id, nickname, photo_url, signature, grade)
					values (#UserId#, #Nickname#, #PhotoUrl#, #Signature#, #Grade#)
		</insert>

		<select id="GetUserGradeById" parameterClass="int" resultMap="UserGradeResult">
			select * from portal_forum_usergrades
			where grade_id = #value#
		</select>
		
	</statements>
	
</sqlMap>
