<?xml version="1.0" encoding="utf-8" ?> 
<sqlMap xmlns:xsi="http://www.w3.org/2001/XMLSchema-instance" xmlns="http://ibatis.apache.org/mapping" namespace="portal">
<!-- XML "behind" document for the info service class. -->

	<alias>
		<typeAlias alias="PortalPage" type="CchenSoft.Portal.Model.PortalPage, CchenSoft.Portal" />
		<typeAlias alias="PortletInstance" type="CchenSoft.Portal.Model.PortletInstance, CchenSoft.Portal" />
    <typeAlias alias="Administrator" type="CchenSoft.Portal.Model.Administrator, CchenSoft.Portal" />
  </alias>

  <resultMaps>

    <resultMap id="PortalPageResult" class="PortalPage">
      <result property="PageId" column="page_id"/>
      <result property="Name" column="name" />
      <result property="PageType" column="page_type" />
      <result property="Settings" column="settings" />
      <result property="ParentId" column="parent_id" />
      <result property="FriendlyUrl" column="friendly_url" />
      <result property="LayoutId" column="layout_id" />
      <result property="SortNo" column="sort_no" />
      <result property="NewWindow" column="new_window" />
      <result property="RedirectUrl" column="redirect_url" />
      <result property="Title" column="title" />
      <result property="Keywords" column="keywords" />
      <result property="Description" column="description" />
    </resultMap>

    <resultMap id="PortletInstanceResult" class="PortletInstance">
      <result property="Id" column="id"/>
      <result property="PortletName" column="portlet_name" />
      <result property="PageId" column="page_id" />
      <result property="Title" column="title" />
      <result property="ShowTitle" column="show_title" />
      <result property="Preferences" column="preferences" />
    </resultMap>

    <resultMap id="AdministratorResult" class="Administrator">
      <result property="AdminId" column="admin_id"/>
      <result property="LoginName" column="login_name" />
      <result property="Passwd" column="passwd" />
    </resultMap>
    
  </resultMaps>
	
	<statements>
		
		<insert id="InsertPage" parameterClass="PortalPage">
      insert into portal_pages (name, page_type, settings, parent_id, friendly_url,
      layout_id, sort_no, new_window, redirect_url, title, keywords, description)
      values (#Name#, #PageType#, #Settings#, #ParentId#, #FriendlyUrl#,
      #LayoutId#, #SortNo#, #NewWindow#, #RedirectUrl#, #Title#, #Keywords#, #Description#)
    </insert>

		<update id="UpdatePage" parameterClass="PortalPage">
      update portal_pages set
      name = #Name#,
      page_type = #PageType#,
      settings = #Settings#,
      parent_id = #ParentId#,
      friendly_url = #FriendlyUrl#,
      layout_id = #LayoutId#,
      sort_no = #SortNo#,
      new_window = #NewWindow#,
      redirect_url = #RedirectUrl#,
      title = #Title#,
      keywords = #Keywords#,
      description = #Description#
      where page_id = #PageId#
    </update>

    <delete id="DeletePage">
      delete from portal_pages
      where page_id = #value#
    </delete>
    
		<select id="GetPageByUrl" resultMap="PortalPageResult">
      select * from portal_pages
      where friendly_url = #value#
    </select>

    <select id="SelectPage" resultMap="PortalPageResult">
      select * from portal_pages
      <dynamic prepend="WHERE">
        <isParameterPresent>
          page_id = #value#
        </isParameterPresent>
      </dynamic>
		</select>
		
		<select id="GetPagesByParent" resultMap="PortalPageResult">
      select * from portal_pages
      where parent_id = #value#
      order by sort_no
    </select>

		<select id="SelectPortlet" resultMap="PortletInstanceResult">
      select * from portal_portlets
      where id = #value#
    </select>
			  
		<insert id="InsertPortlet" parameterClass="PortletInstance">
      insert into portal_portlets (portlet_name, page_id, title, show_title, preferences)
      values (#PortletName#, #PageId#, #Title#, #ShowTitle#, #Preferences#)
      <selectKey resultClass="int" property="Id" type="post">
				select @@Identity as Id
			</selectKey>
		</insert>

	
		<delete id="DeletePortlet" parameterClass="string">
      delete from portal_portlets
      where id = #value#
    </delete>

    <delete id="DeletePagePortlets" parameterClass="string">
      delete from portal_portlets
      where id in ($value$)
    </delete>

    <update id="UpdatePortlet" parameterClass="PortletInstance">
      update portal_portlets set
      title = #Title#,
      show_title = #ShowTitle#,
      preferences = #Preferences#
      where id = #Id#
    </update>

    <select id="ValidateLogin" resultMap="AdministratorResult">
      select * from portal_admins
        where login_name = #name# and passwd = #passwd#
    </select>
    
	</statements>
</sqlMap>