﻿<?xml version="1.0" encoding="utf-8" ?>
<hibernate-mapping xmlns="urn:nhibernate-mapping-2.2" assembly="DomainModel" namespace="DomainModel">
  <class name ="DomainModel.Entities.Customer,DomainModel" table="Customer">
    <id name="CustomerId" column="CustomerId" type="Int32" unsaved-value="0">
      <generator class ="native"></generator>
    </id>
    <version name="Version" column="Version" type="integer" unsaved-value="0"/>

    <property name="Firstname" column ="Firstname" type="string" length="50" not-null="false"/>
    <property name ="Lastname" column="Lastname" type="string" length="50" not-null="false"/>
  </class>
</hibernate-mapping>