﻿<?xml version="1.0" encoding="utf-8"?>

<hibernate-configuration  xmlns="urn:nhibernate-configuration-2.2" >
	<session-factory name="Samples_NHibernate">
		<property name="connection.driver_class">NHibernate.Driver.OleDbDriver</property>
		<property name="adonet.batch_size">10</property>
		<property name="show_sql">true</property>
		<property name="dialect">NHibernate.JetDriver.JetDialect, NHibernate.JetDriver</property>
		<property name="use_outer_join">true</property>
		<property name="command_timeout">10</property>
		<property name="query.substitutions">true 1, false 0, yes 'Y', no 'N'</property>
	</session-factory>
</hibernate-configuration>
