<?xml version="1.0" encoding="utf-8" ?> 
<sqlMap xmlns:xsi="http://www.w3.org/2001/XMLSchema-instance" xmlns="http://ibatis.apache.org/mapping" namespace="cms">
<!-- XML "behind" document for the info service class. -->

	<alias>
		<typeAlias alias="Article" type="CchenSoft.CMS.Model.Article, CchenSoft.CMS" />
    <typeAlias alias="DateTimeTypeHandler" type="CchenSoft.Framework.DataAccess.DateTimeTypeHandler, DataAccess.IBatisNet"/>
  </alias>

  <resultMaps>

    <resultMap id="ArticleResult" class="Article">
      <result property="ArticleId" column="article_id"/>
      <result property="Title" column="title"/>
      <result property="Content" column="content_"/>
      <result property="Tags" column="tags"/>
      <result property="CreateDate" column="create_date" typeHandler="DateTimeTypeHandler"/>
    </resultMap>
    
  </resultMaps>
	
	<statements>

    <select id="SelectArticle" resultMap="ArticleResult">
      select * from cms_articles
      <dynamic prepend="WHERE">
        <isParameterPresent>
          article_id = #value#
        </isParameterPresent>
      </dynamic>
    </select>

    <insert id="InsertArticle" parameterClass="Article">
      insert into cms_articles (title, content_, tags, create_date)
      values (#Title#, #Content#, #Tags#, #CreateDate,handler=DateTimeTypeHandler#)
      <selectKey resultClass="int" property="ArticleId" type="post">
        select @@Identity as ArticleId
      </selectKey>
    </insert>

    <update id="UpdateArticle" parameterClass="Article">
      update cms_articles set
      title = #Title#,
      content_ = #Content#,
      tags = #Tags#
      where article_id = #ArticleId#
    </update>

    <delete id="DeleteArticle" parameterClass="int">
      delete from cms_articles
      where article_id = #value#
    </delete>

    <select id="GetArticlesCount" parameterClass="string" resultClass="int">
      select count(*) from cms_articles
    </select>

    <select id="FindArticles" parameterClass="string" resultMap="ArticleResult">
      select * from cms_articles
    </select>

  </statements>
</sqlMap>