<?xml version="1.0" encoding="UTF-8"?>
<!DOCTYPE workflow PUBLIC "-//OpenSymphony Group//DTD OSWorkflow 2.6//EN" "">
<workflow>
  <registers>
    <register type="class" variable-name="log">
      <arg name="class.name">CchenSoft.Workflow.Util.LogRegister</arg>
      <arg name="addInstanceId">true</arg>
    </register>
  </registers>
	<initial-actions>
		<action id="100" name="Start Workflow">
			<restrict-to>
				<conditions type="AND">
					<condition type="python">
						<arg name="script">True</arg>
					</condition>
				</conditions>
			</restrict-to>
			<results>
				<unconditional-result old-status="Finished" status="Underway" step="1" owner="${caller}"/>
			</results>
		</action>
	</initial-actions>
	<steps>
		<step id="1" name="First Draft">
			<external-permissions>
				<permission name="permA">
					<restrict-to>
						<conditions type="AND">
							<condition type="class">
								<arg name="class.name">CchenSoft.Workflow.Util.StatusCondition</arg>
								<arg name="status">Underway</arg>
							</condition>
							<condition type="class">
								<arg name="class.name">CchenSoft.Workflow.Util.AllowOwnerOnlyCondition</arg>
							</condition>
						</conditions>
					</restrict-to>
				</permission>
			</external-permissions>
			<actions>
				<action id="1" name="Finish First Draft">
					<restrict-to>
						<conditions type="AND">
							<condition type="python">
								<arg name="script">True</arg>
							</condition>
							<condition type="class">
								<arg name="class.name">CchenSoft.Workflow.Util.StatusCondition</arg>
								<arg name="status">Underway</arg>
							</condition>
							<condition type="class">
								<arg name="class.name">CchenSoft.Workflow.Util.AllowOwnerOnlyCondition</arg>
							</condition>
              <condition type="class">
                <arg name="class.name">CchenSoft.Workflow.Util.UserGroupCondition</arg>
                <arg name="group">employee</arg>
              </condition>
						</conditions>
					</restrict-to>
					<pre-functions>
						<function type="python">
							<arg name="script">
                caller = transientVars["caller"]
                transientVars["log"].Info("test")
              </arg>
						</function>
					</pre-functions>
					<results>
						<result old-status="Finished" split="1">
							<conditions type="AND">
								<condition type="python">
									<arg name="script">
                    True
                  </arg>
								</condition>
							</conditions>
							<post-functions>
								<function type="python">
									<arg name="script">

                  </arg>
								</function>
							</post-functions>
						</result>
						<unconditional-result old-status="Finished" split="2"/>
					</results>
					<post-functions>
						<function type="python">
							<arg name="script">

              </arg>
						</function>
					</post-functions>
				</action>
			</actions>
		</step>
		<step id="2" name="Edit Doc">
			<external-permissions>
				<permission name="permB">
					<restrict-to>
						<conditions type="AND">
							<condition type="class">
								<arg name="class.name">CchenSoft.Workflow.Util.StatusCondition</arg>
								<arg name="status">Underway</arg>
							</condition>
							<condition type="class">
								<arg name="class.name">CchenSoft.Workflow.Util.AllowOwnerOnlyCondition</arg>
							</condition>
						</conditions>
					</restrict-to>

				</permission>
			</external-permissions>
			<actions>
				<action id="2" name="Sign Up For Editing">
					<restrict-to>
						<conditions type="AND">
							<condition type="class">
								<arg name="class.name">CchenSoft.Workflow.Util.StatusCondition</arg>
								<arg name="status">Queued</arg>
							</condition>
						</conditions>
					</restrict-to>
					<results>
						<unconditional-result old-status="Finished" status="Underway" step="2" owner="${caller}"/>
					</results>
				</action>
				<action id="3" name="Finish Editing">
					<restrict-to>
						<conditions type="AND">
							<condition type="class">
								<arg name="class.name">CchenSoft.Workflow.Util.StatusCondition</arg>
								<arg name="status">Underway</arg>
							</condition>
							<condition type="class">
								<arg name="class.name">CchenSoft.Workflow.Util.AllowOwnerOnlyCondition</arg>
							</condition>
						</conditions>
					</restrict-to>
					<pre-functions>
						<function type="class">
							<arg name="class.name">CchenSoft.Workflow.Util.MostRecentOwner</arg>
							<arg name="stepId">1</arg>
						</function>
					</pre-functions>
					<results>
						<unconditional-result old-status="Finished" status="Underway" step="3" owner="${mostRecentOwner}"/>
					</results>
				</action>
				<action id="4" name="Requeue Editing">
					<restrict-to>
						<conditions type="AND">
							<condition type="class">
								<arg name="class.name">CchenSoft.Workflow.Util.StatusCondition</arg>
								<arg name="status">Underway</arg>
							</condition>
							<condition type="class">
								<arg name="class.name">CchenSoft.Workflow.Util.AllowOwnerOnlyCondition</arg>
							</condition>
						</conditions>
					</restrict-to>
					<results>
						<unconditional-result old-status="Finished" status="Queued" step="2"/>
					</results>
				</action>
			</actions>
		</step>
		<step id="3" name="Review Doc">
			<external-permissions>
				<permission name="permA">
					<restrict-to>
						<conditions type="AND">
							<condition type="class">
								<arg name="class.name">CchenSoft.Workflow.Util.StatusCondition</arg>
								<arg name="status">Underway</arg>
							</condition>
							<condition type="class">
								<arg name="class.name">CchenSoft.Workflow.Util.AllowOwnerOnlyCondition</arg>
							</condition>
						</conditions>
					</restrict-to>
				</permission>
			</external-permissions>
			<actions>
				<action id="5" name="More Edits">
					<restrict-to>
						<conditions type="AND">
							<condition type="class">
								<arg name="class.name">CchenSoft.Workflow.Util.StatusCondition</arg>
								<arg name="status">Underway</arg>
							</condition>
							<condition type="class">
								<arg name="class.name">CchenSoft.Workflow.Util.AllowOwnerOnlyCondition</arg>
							</condition>
						</conditions>
					</restrict-to>
					<pre-functions>
						<function type="class">
							<arg name="class.name">CchenSoft.Workflow.Util.MostRecentOwner</arg>
							<arg name="stepId">2</arg>
						</function>
					</pre-functions>
					<results>
						<unconditional-result old-status="Finished" status="Underway" step="2" owner="${mostRecentOwner}"/>
					</results>
				</action>
				<action id="6" name="Peer Review">
					<restrict-to>
						<conditions type="AND">
							<condition type="class">
								<arg name="class.name">CchenSoft.Workflow.Util.StatusCondition</arg>
								<arg name="status">Underway</arg>
							</condition>
							<condition type="class">
								<arg name="class.name">CchenSoft.Workflow.Util.AllowOwnerOnlyCondition</arg>
							</condition>
						</conditions>
					</restrict-to>
					<results>
						<unconditional-result old-status="Finished" status="Queued" step="4"/>
					</results>
				</action>
				<action id="7" name="Publish Doc">
					<restrict-to>
						<conditions type="AND">
							<condition type="class">
								<arg name="class.name">CchenSoft.Workflow.Util.StatusCondition</arg>
								<arg name="status">Underway</arg>
							</condition>
							<condition type="class">
								<arg name="class.name">CchenSoft.Workflow.Util.AllowOwnerOnlyCondition</arg>
							</condition>
						</conditions>
					</restrict-to>
					<pre-functions>
						<function type="class">
							<arg name="class.name">CchenSoft.Workflow.Util.MostRecentOwner</arg>
							<arg name="stepId">2</arg>
						</function>
					</pre-functions>
					<results>
						<unconditional-result old-status="Finished" status="Underway" step="5" owner="${mostRecentOwner}"/>
					</results>
				</action>
			</actions>
		</step>
		<step id="4" name="Second Review">
			<external-permissions>
				<permission name="permC">
					<restrict-to>
						<conditions type="AND">
							<condition type="class">
								<arg name="class.name">CchenSoft.Workflow.Util.StatusCondition</arg>
								<arg name="status">Underway</arg>
							</condition>
							<condition type="class">
								<arg name="class.name">CchenSoft.Workflow.Util.AllowOwnerOnlyCondition</arg>
							</condition>
						</conditions>
					</restrict-to>
				</permission>
			</external-permissions>
			<actions>
				<action id="8" name="Finish Second Review">
					<restrict-to>
						<conditions type="AND">
							<condition type="class">
								<arg name="class.name">CchenSoft.Workflow.Util.StatusCondition</arg>
								<arg name="status">Underway</arg>
							</condition>
							<condition type="class">
								<arg name="class.name">CchenSoft.Workflow.Util.AllowOwnerOnlyCondition</arg>
							</condition>
						</conditions>
					</restrict-to>
					<pre-functions>
						<function type="class">
							<arg name="class.name">CchenSoft.Workflow.Util.MostRecentOwner</arg>
							<arg name="stepId">3</arg>
						</function>
					</pre-functions>
					<results>
						<unconditional-result old-status="Finished" status="Underway" step="3" owner="${mostRecentOwner}"/>
					</results>
				</action>
				<action id="9" name="Sign Up For Second Review">
					<restrict-to>
						<conditions type="AND">
							<condition type="class">
								<arg name="class.name">CchenSoft.Workflow.Util.StatusCondition</arg>
								<arg name="status">Queued</arg>
							</condition>
						</conditions>
					</restrict-to>
					<pre-functions>
						<function type="class">
							<arg name="class.name">CchenSoft.Workflow.Util.Caller</arg>
						</function>
					</pre-functions>
					<results>
						<unconditional-result old-status="Finished" status="Underway" step="4" owner="${caller}"/>
					</results>
				</action>
				<action id="10" name="Queue Second Review">
					<restrict-to>
						<conditions type="AND">
							<condition type="class">
								<arg name="class.name">CchenSoft.Workflow.Util.StatusCondition</arg>
								<arg name="status">Underway</arg>
							</condition>
							<condition type="class">
								<arg name="class.name">CchenSoft.Workflow.Util.AllowOwnerOnlyCondition</arg>
							</condition>
						</conditions>
					</restrict-to>
					<results>
						<unconditional-result old-status="Finished" status="Queued" step="4"/>
					</results>
				</action>
			</actions>
		</step>
		<step id="5" name="Publish Doc">
			<actions>
				<action id="11" name="Publish Document">
					<restrict-to>
						<conditions type="AND">
							<condition type="class">
								<arg name="class.name">CchenSoft.Workflow.Util.StatusCondition</arg>
								<arg name="status">Underway</arg>
							</condition>
							<condition type="class">
								<arg name="class.name">CchenSoft.Workflow.Util.AllowOwnerOnlyCondition</arg>
							</condition>
						</conditions>
					</restrict-to>
					<results>
						<unconditional-result old-status="Finished" status="Finished" step="5" owner="${caller}"/>
					</results>
				</action>
			</actions>
		</step>
		<step id="6" name="Foo">
			<actions>
				<action name="Finish Foo" id="12">
					<restrict-to>
						<conditions type="AND">
							<condition type="class">
								<arg name="class.name">CchenSoft.Workflow.Util.StatusCondition</arg>
								<arg name="status">Underway</arg>
								<arg name="stepId">6</arg>
							</condition>
							<condition type="class">
								<arg name="class.name">CchenSoft.Workflow.Util.AllowOwnerOnlyCondition</arg>
								<arg name="stepId">6</arg>
							</condition>
						</conditions>
					</restrict-to>
					<results>
						<unconditional-result old-status="Finished" join="1"/>
					</results>
				</action>
			</actions>
		</step>
		<step id="7" name="Bar">
			<actions>
				<action name="Finish Bar" id="13">
					<restrict-to>
						<conditions type="AND">
							<condition type="class">
								<arg name="class.name">CchenSoft.Workflow.Util.StatusCondition</arg>
								<arg name="status">Underway</arg>
								<arg name="stepId">7</arg>
							</condition>
							<condition type="class">
								<arg name="class.name">CchenSoft.Workflow.Util.AllowOwnerOnlyCondition</arg>
								<arg name="stepId">7</arg>
							</condition>
						</conditions>
					</restrict-to>
					<results>
						<unconditional-result old-status="Finished" owner="user2" status="Underway" step="8"/>
					</results>
				</action>
			</actions>
		</step>
		<step id="8" name="Baz">
			<actions>
				<action name="Finish Baz" id="14">
					<restrict-to>
						<conditions type="AND">
							<condition type="class">
								<arg name="class.name">CchenSoft.Workflow.Util.StatusCondition</arg>
								<arg name="status">Underway</arg>
								<arg name="stepId">8</arg>
							</condition>
							<condition type="class">
								<arg name="class.name">CchenSoft.Workflow.Util.AllowOwnerOnlyCondition</arg>
								<arg name="stepId">8</arg>
							</condition>
						</conditions>
					</restrict-to>
					<results>
						<unconditional-result old-status="Finished" join="1"/>
					</results>
				</action>
			</actions>
		</step>
	</steps>
	<splits>
		<split id="1">
			<unconditional-result old-status="Finished" status="Underway" owner="user1" step="6"/>
			<unconditional-result old-status="Finished" status="Underway" owner="user2" step="7"/>
		</split>
		<split id="2">
			<unconditional-result old-status="Finished" status="Queued" step="2"/>
		</split>
	</splits>
	<joins>
		<join id="1">
			<conditions type="AND">
				<condition type="python">
					<arg name="script"><![CDATA[
					("Finished" == jn.GetStep(6).Status) and ("Finished" == jn.GetStep(8).Status)
					]]></arg>
				</condition>
			</conditions>
			<unconditional-result old-status="Finished" status="Underway" owner="manage1" step="2"/>
		</join>
	</joins>
</workflow>

