<?xml version="1.0" encoding="UTF-8"?>
<!DOCTYPE workflow PUBLIC "-//OpenSymphony Group//DTD OSWorkflow 2.6//EN" "">
<workflow>
	<initial-actions>
		<action id="100" name="条件结构流程">
			<restrict-to>
				<conditions type="AND">
					<condition type="python">
						<arg name="script">True</arg>
					</condition>
				</conditions>
			</restrict-to>
			<pre-functions>
				<function type="class">
					<arg name="class.name">CchenSoft.Workflow.Util.Caller</arg>
				</function>
			</pre-functions>
			<results>
				<unconditional-result old-status="Finished" status="Underway" step="1" owner="${caller}"/>
			</results>
		</action>
	</initial-actions>
	<steps>
		<step id="1" name="步骤一">
			<actions>
				<action id="1" name="完成步骤一">
					<restrict-to>
						<conditions type="AND">
							<condition type="python">
								<arg name="script">True</arg>
							</condition>
							<condition type="class">
								<arg name="class.name">CchenSoft.Workflow.Util.StatusCondition</arg>
								<arg name="status">Underway</arg>
							</condition>
							<condition type="class">
								<arg name="class.name">CchenSoft.Workflow.Util.AllowOwnerOnlyCondition</arg>
							</condition>
						</conditions>
					</restrict-to>
          <pre-functions>
            <function type="class">
              <arg name="class.name">CchenSoft.Workflow.Util.Caller</arg>
            </function>
          </pre-functions>          
					<results>
            <result old-status="Finished" status="Underway"  step="3" owner="${caller}">
              <conditions type="AND">
                <condition type="python">
                  <arg name="script">
                    propertySet.Exists("flag") and (propertySet.GetString("flag") == "1")
                  </arg>
                </condition>
              </conditions> 
            </result>
						<unconditional-result old-status="Finished" status="Underway" step="2" owner="${caller}"/>
					</results>					
				</action>
			</actions>
		</step>
		<step id="2" name="步骤二">
			<actions>
				<action id="2" name="完成步骤二">
					<restrict-to>
						<conditions type="AND">
							<condition type="class">
								<arg name="class.name">CchenSoft.Workflow.Util.StatusCondition</arg>
								<arg name="status">Underway</arg>
							</condition>
						</conditions>
					</restrict-to>
					<pre-functions>
						<function type="class">
							<arg name="class.name">CchenSoft.Workflow.Util.Caller</arg>
						</function>
					</pre-functions>
					<results>
						<unconditional-result old-status="Finished" status="Underway" step="3" owner="${caller}"/>
					</results>
				</action>
			</actions>
		</step>
    <step id="3" name="步骤三">
      <actions>
        <action id="3" name="完成步骤三">
          <restrict-to>
            <conditions type="AND">
              <condition type="class">
                <arg name="class.name">CchenSoft.Workflow.Util.StatusCondition</arg>
                <arg name="status">Underway</arg>
              </condition>
            </conditions>
          </restrict-to>
          <pre-functions>
            <function type="class">
              <arg name="class.name">CchenSoft.Workflow.Util.Caller</arg>
            </function>
          </pre-functions>
          <results>
            <unconditional-result old-status="Finished" status="Underway" step="4" owner="${caller}"/>
          </results>
        </action>
      </actions>
    </step>    
		<step id="4" name="结束">
		</step>
	</steps>
</workflow>

