<?xml version="1.0" encoding="UTF-8"?>
<!DOCTYPE workflow PUBLIC "-//OpenSymphony Group//DTD OSWorkflow 2.6//EN" "">
<workflow>
	<initial-actions>
		<action id="100" name="分支结构流程">
			<restrict-to>
				<conditions type="AND">
					<condition type="python">
						<arg name="script">True</arg>
					</condition>
				</conditions>
			</restrict-to>
			<pre-functions>
				<function type="class">
					<arg name="class.name">CchenSoft.Workflow.Util.Caller</arg>
				</function>
			</pre-functions>
			<results>
				<unconditional-result old-status="Finished" status="Underway" step="1" owner="${caller}"/>
			</results>
		</action>
	</initial-actions>
	<steps>
		<step id="1" name="步骤一">
			<actions>
				<action id="1" name="完成步骤一">
					<restrict-to>
						<conditions type="AND">
							<condition type="python">
								<arg name="script">True</arg>
							</condition>
							<condition type="class">
								<arg name="class.name">CchenSoft.Workflow.Util.StatusCondition</arg>
								<arg name="status">Underway</arg>
							</condition>
							<condition type="class">
								<arg name="class.name">CchenSoft.Workflow.Util.AllowOwnerOnlyCondition</arg>
							</condition>
						</conditions>
					</restrict-to>
          <pre-functions>
            <function type="class">
              <arg name="class.name">CchenSoft.Workflow.Util.Caller</arg>
            </function>
          </pre-functions>          
					<results>
						<unconditional-result old-status="Finished" split="1"/>
					</results>					
				</action>
			</actions>
		</step>
		<step id="2" name="步骤二/1">
			<actions>
				<action id="2" name="完成步骤二/1">
					<restrict-to>
						<conditions type="AND">
							<condition type="class">
								<arg name="class.name">CchenSoft.Workflow.Util.StatusCondition</arg>
								<arg name="status">Underway</arg>
                <arg name="stepId">2</arg>
              </condition>
              <condition type="class">
                <arg name="class.name">CchenSoft.Workflow.Util.AllowOwnerOnlyCondition</arg>
                <arg name="stepId">2</arg>
              </condition>              
						</conditions>
					</restrict-to>
					<pre-functions>
						<function type="class">
							<arg name="class.name">CchenSoft.Workflow.Util.Caller</arg>
						</function>
					</pre-functions>
					<results>
						<unconditional-result old-status="Finished"  join="1"/>
					</results>
				</action>
			</actions>
		</step>
    <step id="3" name="步骤二/2">
      <actions>
        <action id="3" name="完成步骤二/2">
          <restrict-to>
            <conditions type="AND">
              <condition type="class">
                <arg name="class.name">CchenSoft.Workflow.Util.StatusCondition</arg>
                <arg name="status">Underway</arg>
                <arg name="stepId">3</arg>
              </condition>
              <condition type="class">
                <arg name="class.name">CchenSoft.Workflow.Util.AllowOwnerOnlyCondition</arg>
                <arg name="stepId">3</arg>
              </condition>              
            </conditions>
          </restrict-to>
          <pre-functions>
            <function type="class">
              <arg name="class.name">CchenSoft.Workflow.Util.Caller</arg>
            </function>
          </pre-functions>
          <results>
            <unconditional-result old-status="Finished"  join="1"/>
          </results>
        </action>
      </actions>
    </step>
		<step id="4" name="步骤三">
      <actions>
        <action id="4" name="完成步骤三">
          <restrict-to>
            <conditions type="AND">
              <condition type="class">
                <arg name="class.name">CchenSoft.Workflow.Util.StatusCondition</arg>
                <arg name="status">Underway</arg>
              </condition>
              <condition type="class">
                <arg name="class.name">CchenSoft.Workflow.Util.AllowOwnerOnlyCondition</arg>
              </condition>              
            </conditions>
          </restrict-to>
          <pre-functions>
            <function type="class">
              <arg name="class.name">CchenSoft.Workflow.Util.Caller</arg>
            </function>
          </pre-functions>
          <results>
            <unconditional-result old-status="Finished" status="Underway" step="5"/>
          </results>
        </action>
      </actions>        
		</step>
    <step id="5" name="步骤四">      
    </step>
	</steps>

  <splits>
    <split id="1">
      <unconditional-result old-status="Finished" status="Underway" owner="user1" step="2"/>
      <unconditional-result old-status="Finished" status="Underway" owner="user2" step="3"/>
    </split>
  </splits>

  <joins>
    <join id="1">
      <conditions type="AND">
        <condition type="python">
          <arg name="script">
            <![CDATA[
					("Finished" == jn.GetStep(2).Status) and ("Finished" == jn.GetStep(3).Status)
					]]>
          </arg>
        </condition>
      </conditions>
      <unconditional-result old-status="Finished" status="Underway" owner="user1" step="4"/>
    </join>
  </joins>
  
</workflow>

