<?xml version="1.0" encoding="utf-8" ?> 
<sqlMap xmlns:xsi="http://www.w3.org/2001/XMLSchema-instance" xmlns="http://ibatis.apache.org/mapping" namespace="Business">
<!-- XML "behind" document for the info service class. -->

	<alias>
		<typeAlias alias="Account" type="CchenSoft.Portal.Money.Model.Account, CchenSoft.Portal.Money" />
		<typeAlias alias="AccountItem" type="CchenSoft.Portal.Money.Model.AccountItem, CchenSoft.Portal.Money" />
	</alias>
	
	<resultMaps>

		<resultMap id="AccountResult" class="Account">
			<result property="AccountId" column="account_id"/>
			<result property="Name" column="name" />
			<result property="Type" column="type" />
			<result property="InitMoney" column="init_money" />
			<result property="UserId" column="user_id" />
		    <result property="Used" column="used" />
			<result property="Summary" column="summary" />
		</resultMap>

		<resultMap id="AccountItemResult" class="AccountItem">
			<result property="ItemId" column="item_id"/>
			<result property="AccountId" column="account_id" />
			<result property="Date" column="date_" />
			<result property="Kind" column="kind" />
			<result property="Type" column="type" />
			<result property="Money" column="money_" />
			<result property="Summary" column="summary" />
		</resultMap>
		
	</resultMaps>
	
	<statements>

		<select id="GetAccountCount" resultClass="int">
			select count(*) from portal_money_accounts
		</select>

		<select id="SelectAccount" parameterClass="int" resultMap="AccountResult">
			select * from portal_money_accounts
			<dynamic prepend="WHERE">
				<isParameterPresent>
					account_id = #value#
				</isParameterPresent>
			</dynamic>
		</select>

		<insert id="InsertAccount" parameterClass="Account">
			insert into portal_money_accounts (name, type, init_money, user_id, used, summary)
			values (#Name#, #Type#, #InitMoney#, #UserId#, #Used#, #Summary#)
		</insert>
		
		<select id="SelectAccountItem" parameterClass="int" resultMap="AccountItemResult">
			select * from portal_money_account_items
			<dynamic prepend="WHERE">
				<isParameterPresent>
					item_id = #value#
				</isParameterPresent>
			</dynamic>
		</select>

		<insert id="InsertAccountItem" parameterClass="AccountItem">
			insert into portal_money_account_items 
					 (account_id, date_, kind, type, money_, summary)
				values (#AccountId#, #Date#, #Kind#, #Type#, #Money#, #Summary#)
		</insert>
		
		<select id="GetAccountItemCountByDate" resultClass="int">
			select count(*) from portal_money_account_items
			where date_ = #value#
		</select>

		<select id="GetAccountItemsByDate" resultMap="AccountItemResult">
			select * from portal_money_account_items
			<dynamic prepend="WHERE">
				<isParameterPresent>
					date_ = #value#
				</isParameterPresent>
			</dynamic>
		</select>

		<select id="GetAccountItemCountByAccount" resultClass="int">
			select count(*) from portal_money_account_items
			where account_id = #value#
		</select>

		<select id="GetAccountItemsByAccount" resultMap="AccountItemResult">
			select * from portal_money_account_items
			<dynamic prepend="WHERE">
				<isParameterPresent>
					account_id = #value#
				</isParameterPresent>
			</dynamic>
			order by date_ desc
		</select>

		<update id="UpdateAccountItem" parameterClass="AccountItem">
			update portal_money_account_items set
				account_id = #AccountId#,
				date_ = #Date#,
				kind = #Kind#,
				type = #Type#,
				money_ = #Money#,
				summary = #Summary#
			where item_id = #ItemId#
		</update>
		
	</statements>
	
</sqlMap>