<?xml version="1.0" encoding="ISO-8859-1"?>
<ajax-response>
  <response type="object" id="data_grid_updater">
    <rows update_ui="" >
        <tr><td>1</td><td>Shichinin no samurai</td><td>Action</td><td>9.0</td><td>31947</td><td>1954</td></tr><tr><td>2</td><td>The Lord of the Rings: The Return of the King</td><td>Action</td><td>9.0</td><td>103911</td><td>2003</td></tr><tr><td>3</td><td>Buono, y il brutto, il cattivo, Il</td><td>Action</td><td>9.0</td><td>30840</td><td>1966</td></tr><tr><td>4</td><td>The Lord of the Rings: The Fellowship of the Ring</td><td>Action</td><td>9.0</td><td>157984</td><td>2001</td></tr><tr><td>5</td><td>Star Wars</td><td>Action</td><td>9.0</td><td>135001</td><td>1977</td></tr><tr><td>6</td><td>The Lord of the Rings: The Two Towers</td><td>Action</td><td>9.0</td><td>115175</td><td>2002</td></tr><tr><td>7</td><td>Star Wars: Episode V - The Empire Strikes Back</td><td>Action</td><td>9.0</td><td>104167</td><td>1980</td></tr><tr><td>8</td><td>Raiders of the Lost Ark</td><td>Action</td><td>9.0</td><td>94133</td><td>1981</td></tr><tr><td>9</td><td>Apocalypse Now</td><td>Action</td><td>9.0</td><td>64552</td><td>1979</td></tr><tr><td>10</td><td>The Matrix</td><td>Action</td><td>8.0</td><td>143322</td><td>1999</td></tr><tr><td>11</td><td>The Treasure of the Sierra Madre</td><td>Action</td><td>8.0</td><td>10433</td><td>1948</td></tr><tr><td>12</td><td>Ran</td><td>Action</td><td>8.0</td><td>11917</td><td>1985</td></tr><tr><td>13</td><td>Taegukgi hwinalrimyeo</td><td>Action</td><td>8.0</td><td>1746</td><td>2004</td></tr><tr><td>14</td><td>Oldboy</td><td>Action</td><td>8.0</td><td>8719</td><td>2003</td></tr><tr><td>15</td><td>Yojimbo</td><td>Action</td><td>8.0</td><td>8921</td><td>1961</td></tr><tr><td>16</td><td>The Great Escape</td><td>Action</td><td>8.0</td><td>19997</td><td>1963</td></tr><tr><td>17</td><td>Saving Private Ryan</td><td>Action</td><td>8.0</td><td>99905</td><td>1998</td></tr><tr><td>18</td><td>The Incredibles</td><td>Action</td><td>8.0</td><td>30189</td><td>2004</td></tr><tr><td>19</td><td>Aliens</td><td>Action</td><td>8.0</td><td>64570</td><td>1986</td></tr><tr><td>20</td><td>Kill Bill: Vol. 1</td><td>Action</td><td>8.0</td><td>65566</td><td>2003</td></tr><tr><td>21</td><td>Braveheart</td><td>Action</td><td>8.0</td><td>92120</td><td>1995</td></tr><tr><td>22</td><td>All Quiet on the Western Front</td><td>Action</td><td>8.0</td><td>6806</td><td>1930</td></tr><tr><td>23</td><td>Wo hu cang long</td><td>Action</td><td>8.0</td><td>52043</td><td>2000</td></tr><tr><td>24</td><td>The Adventures of Robin Hood</td><td>Action</td><td>8.0</td><td>7330</td><td>1938</td></tr><tr><td>25</td><td>Sin City</td><td>Action</td><td>8.0</td><td>22697</td><td>2005</td></tr><tr><td>26</td><td>Kill Bill: Vol. 2</td><td>Action</td><td>8.0</td><td>44831</td><td>2004</td></tr><tr><td>27</td><td>Kumonosu jo</td><td>Action</td><td>8.0</td><td>3309</td><td>1957</td></tr><tr><td>28</td><td>Tasogare seibei</td><td>Action</td><td>8.0</td><td>1808</td><td>2002</td></tr><tr><td>29</td><td>Blade Runner</td><td>Action</td><td>8.0</td><td>75479</td><td>1982</td></tr><tr><td>30</td><td>Safety Last!</td><td>Action</td><td>8.0</td><td>753</td><td>1923</td></tr><tr><td>31</td><td>Ying xiong</td><td>Action</td><td>8.0</td><td>23914</td><td>2002</td></tr><tr><td>32</td><td>The General</td><td>Action</td><td>8.0</td><td>7619</td><td>1927</td></tr><tr><td>33</td><td>Terminator 2: Judgment Day</td><td>Action</td><td>8.0</td><td>78340</td><td>1991</td></tr><tr><td>34</td><td>Red River</td><td>Action</td><td>8.0</td><td>3858</td><td>1948</td></tr><tr><td>35</td><td>Mononoke-hime</td><td>Action</td><td>8.0</td><td>20250</td><td>1997</td></tr><tr><td>36</td><td>Stagecoach</td><td>Action</td><td>8.0</td><td>5619</td><td>1939</td></tr><tr><td>37</td><td>Kakushi toride no san akunin</td><td>Action</td><td>8.0</td><td>3266</td><td>1958</td></tr><tr><td>38</td><td>Tenku no shiro Rapyuta</td><td>Action</td><td>8.0</td><td>4910</td><td>1986</td></tr><tr><td>39</td><td>Shurayukihime</td><td>Action</td><td>8.0</td><td>583</td><td>1973</td></tr><tr><td>40</td><td>Back to the Future</td><td>Action</td><td>8.0</td><td>69387</td><td>1985</td></tr><tr><td>41</td><td>Glory</td><td>Action</td><td>8.0</td><td>22769</td><td>1989</td></tr><tr><td>42</td><td>Per qualche dollaro in piu</td><td>Action</td><td>8.0</td><td>8797</td><td>1965</td></tr><tr><td>43</td><td>Platoon</td><td>Action</td><td>8.0</td><td>36018</td><td>1986</td></tr><tr><td>44</td><td>Ben-Hur</td><td>Action</td><td>8.0</td><td>21956</td><td>1959</td></tr><tr><td>45</td><td>Star Wars: Episode VI - Return of the Jedi</td><td>Action</td><td>8.0</td><td>83007</td><td>1983</td></tr><tr><td>46</td><td>The Wild Bunch</td><td>Action</td><td>8.0</td><td>11453</td><td>1969</td></tr><tr><td>47</td><td>Wu jian dao</td><td>Action</td><td>8.0</td><td>4007</td><td>2002</td></tr><tr><td>48</td><td>Die Hard</td><td>Action</td><td>8.0</td><td>59648</td><td>1988</td></tr><tr><td>49</td><td>Indiana Jones and the Last Crusade</td><td>Action</td><td>8.0</td><td>62301</td><td>1989</td></tr><tr><td>50</td><td>The Lord of the Rings: The Return of the King</td><td>Adventure</td><td>9.0</td><td>103911</td><td>2003</td></tr><tr><td>51</td><td>The Lord of the Rings: The Fellowship of the Ring</td><td>Adventure</td><td>9.0</td><td>157984</td><td>2001</td></tr><tr><td>52</td><td>Star Wars</td><td>Adventure</td><td>9.0</td><td>135001</td><td>1977</td></tr><tr><td>53</td><td>The Lord of the Rings: The Two Towers</td><td>Adventure</td><td>9.0</td><td>115175</td><td>2002</td></tr><tr><td>54</td><td>Star Wars: Episode V - The Empire Strikes Back</td><td>Adventure</td><td>9.0</td><td>104167</td><td>1980</td></tr><tr><td>55</td><td>Raiders of the Lost Ark</td><td>Adventure</td><td>9.0</td><td>94133</td><td>1981</td></tr><tr><td>56</td><td>Lawrence of Arabia</td><td>Adventure</td><td>9.0</td><td>31907</td><td>1962</td></tr><tr><td>57</td><td>North by Northwest</td><td>Adventure</td><td>9.0</td><td>36472</td><td>1959</td></tr><tr><td>58</td><td>Sen to Chihiro no kamikakushi</td><td>Adventure</td><td>9.0</td><td>24085</td><td>2001</td></tr><tr><td>59</td><td>Apocalypse Now</td><td>Adventure</td><td>9.0</td><td>64552</td><td>1979</td></tr><tr><td>60</td><td>The Treasure of the Sierra Madre</td><td>Adventure</td><td>8.0</td><td>10433</td><td>1948</td></tr><tr><td>61</td><td>The Bridge on the River Kwai</td><td>Adventure</td><td>8.0</td><td>22331</td><td>1957</td></tr><tr><td>62</td><td>Monty Python and the Holy Grail</td><td>Adventure</td><td>8.0</td><td>61157</td><td>1975</td></tr><tr><td>63</td><td>The Great Escape</td><td>Adventure</td><td>8.0</td><td>19997</td><td>1963</td></tr><tr><td>64</td><td>The Wizard of Oz</td><td>Adventure</td><td>8.0</td><td>38263</td><td>1939</td></tr><tr><td>65</td><td>Macskafogo</td><td>Adventure</td><td>8.0</td><td>501</td><td>1986</td></tr><tr><td>66</td><td>Jaws</td><td>Adventure</td><td>8.0</td><td>46817</td><td>1975</td></tr><tr><td>67</td><td>Sullivan's Travels</td><td>Adventure</td><td>8.0</td><td>2877</td><td>1941</td></tr><tr><td>68</td><td>Finding Nemo</td><td>Adventure</td><td>8.0</td><td>41576</td><td>2003</td></tr><tr><td>69</td><td>The Incredibles</td><td>Adventure</td><td>8.0</td><td>30189</td><td>2004</td></tr><tr><td>70</td><td>Wo hu cang long</td><td>Adventure</td><td>8.0</td><td>52043</td><td>2000</td></tr><tr><td>71</td><td>2001: A Space Odyssey</td><td>Adventure</td><td>8.0</td><td>65736</td><td>1968</td></tr><tr><td>72</td><td>Salaire de la peur, :year => Le</td><td>Adventure</td><td>8.0</td><td>1953</td><td>2802</td></tr><tr><td>73</td><td>The Adventures of Robin Hood</td><td>Adventure</td><td>8.0</td><td>7330</td><td>1938</td></tr><tr><td>74</td><td>The Princess Bride</td><td>Adventure</td><td>8.0</td><td>54593</td><td>1987</td></tr><tr><td>75</td><td>Miyamoto Musashi kanketsuhen: ketto Ganryujima</td><td>Adventure</td><td>8.0</td><td>595</td><td>1956</td></tr><tr><td>76</td><td>Dersu Uzala</td><td>Adventure</td><td>8.0</td><td>2551</td><td>1975</td></tr><tr><td>77</td><td>Red River</td><td>Adventure</td><td>8.0</td><td>3858</td><td>1948</td></tr><tr><td>78</td><td>Butch Cassidy and the Sundance Kid</td><td>Adventure</td><td>8.0</td><td>21085</td><td>1969</td></tr><tr><td>79</td><td>Mononoke-hime</td><td>Adventure</td><td>8.0</td><td>20250</td><td>1997</td></tr><tr><td>80</td><td>Kakushi toride no san akunin</td><td>Adventure</td><td>8.0</td><td>3266</td><td>1958</td></tr><tr><td>81</td><td>Tenku no shiro Rapyuta</td><td>Adventure</td><td>8.0</td><td>4910</td><td>1986</td></tr><tr><td>82</td><td>Sideways</td><td>Adventure</td><td>8.0</td><td>16625</td><td>2004</td></tr><tr><td>83</td><td>Back to the Future</td><td>Adventure</td><td>8.0</td><td>69387</td><td>1985</td></tr><tr><td>84</td><td>Ben-Hur</td><td>Adventure</td><td>8.0</td><td>21956</td><td>1959</td></tr><tr><td>85</td><td>Star Wars: Episode VI - Return of the Jedi</td><td>Adventure</td><td>8.0</td><td>83007</td><td>1983</td></tr><tr><td>86</td><td>The African Queen</td><td>Adventure</td><td>8.0</td><td>14727</td><td>1951</td></tr><tr><td>87</td><td>Diarios de motocicleta</td><td>Adventure</td><td>8.0</td><td>8314</td><td>2004</td></tr><tr><td>88</td><td>King Kong</td><td>Adventure</td><td>8.0</td><td>10262</td><td>1933</td></tr><tr><td>89</td><td>Shrek</td><td>Adventure</td><td>8.0</td><td>65889</td><td>2001</td></tr><tr><td>90</td><td>Indiana Jones and the Last Crusade</td><td>Adventure</td><td>8.0</td><td>62301</td><td>1989</td></tr><tr><td>91</td><td>To Have and Have Not</td><td>Adventure</td><td>8.0</td><td>3997</td><td>1944</td></tr><tr><td>92</td><td>The Straight Story</td><td>Adventure</td><td>8.0</td><td>15554</td><td>1999</td></tr><tr><td>93</td><td>Big Fish</td><td>Adventure</td><td>8.0</td><td>32222</td><td>2003</td></tr><tr><td>94</td><td>Ben-Hur</td><td>Adventure</td><td>8.0</td><td>847</td><td>1925</td></tr><tr><td>95</td><td>Oliver Twist</td><td>Adventure</td><td>8.0</td><td>1622</td><td>1948</td></tr><tr><td>96</td><td>The Man Who Would Be King</td><td>Adventure</td><td>8.0</td><td>8019</td><td>1975</td></tr><tr><td>97</td><td>Stand by Me</td><td>Adventure</td><td>8.0</td><td>31623</td><td>1986</td></tr><tr><td>98</td><td>Mutiny on the Bounty</td><td>Adventure</td><td>8.0</td><td>2537</td><td>1935</td></tr><tr><td>99</td><td>Sen to Chihiro no kamikakushi</td><td>Animation</td><td>9.0</td><td>24085</td><td>2001</td></tr><tr><td>100</td><td>Macskafogo</td><td>Animation</td><td>8.0</td><td>501</td><td>1986</td></tr><tr><td>101</td><td>Finding Nemo</td><td>Animation</td><td>8.0</td><td>41576</td><td>2003</td></tr><tr><td>102</td><td>The Incredibles</td><td>Animation</td><td>8.0</td><td>30189</td><td>2004</td></tr><tr><td>103</td><td>Hotaru no haka</td><td>Animation</td><td>8.0</td><td>6839</td><td>1988</td></tr><tr><td>104</td><td>Mononoke-hime</td><td>Animation</td><td>8.0</td><td>20250</td><td>1997</td></tr><tr><td>105</td><td>Tenku no shiro Rapyuta</td><td>Animation</td><td>8.0</td><td>4910</td><td>1986</td></tr><tr><td>106</td><td>Tonari no Totoro</td><td>Animation</td><td>8.0</td><td>5203</td><td>1988</td></tr><tr><td>107</td><td>Toy Story 2</td><td>Animation</td><td>8.0</td><td>41800</td><td>1999</td></tr><tr><td>108</td><td>Shrek</td><td>Animation</td><td>8.0</td><td>65889</td><td>2001</td></tr><tr><td>109</td><td>Sennen joyu</td><td>Animation</td><td>8.0</td><td>960</td><td>2001</td></tr><tr><td>110</td><td>Wallace and Gromit: The Best of Aardman Animation</td><td>Animation</td><td>8.0</td><td>1117</td><td>1996</td></tr><tr><td>111</td><td>Hauru no ugoku shiro</td><td>Animation</td><td>8.0</td><td>859</td><td>2004</td></tr><tr><td>112</td><td>Kaze no tani no Naushika</td><td>Animation</td><td>8.0</td><td>3279</td><td>1984</td></tr><tr><td>113</td><td>Toy Story</td><td>Animation</td><td>8.0</td><td>46815</td><td>1995</td></tr><tr><td>114</td><td>Beauty and the Beast</td><td>Animation</td><td>8.0</td><td>25575</td><td>1991</td></tr><tr><td>115</td><td>Fantasia</td><td>Animation</td><td>8.0</td><td>14878</td><td>1940</td></tr><tr><td>116</td><td>The Iron Giant</td><td>Animation</td><td>8.0</td><td>15104</td><td>1999</td></tr><tr><td>117</td><td>The Nightmare Before Christmas</td><td>Animation</td><td>8.0</td><td>19559</td><td>1993</td></tr><tr><td>118</td><td>Majo no takkyubin</td><td>Animation</td><td>8.0</td><td>3514</td><td>1989</td></tr><tr><td>119</td><td>Memories</td><td>Animation</td><td>8.0</td><td>791</td><td>1995</td></tr><tr><td>120</td><td>Kurenai no buta</td><td>Animation</td><td>8.0</td><td>2044</td><td>1992</td></tr><tr><td>121</td><td>Shrek 2</td><td>Animation</td><td>8.0</td><td>27038</td><td>2004</td></tr><tr><td>122</td><td>The Lion King</td><td>Animation</td><td>8.0</td><td>32785</td><td>1994</td></tr><tr><td>123</td><td>Mimi wo sumaseba</td><td>Animation</td><td>8.0</td><td>1015</td><td>1995</td></tr><tr><td>124</td><td>Snow White and the Seven Dwarfs</td><td>Animation</td><td>8.0</td><td>15280</td><td>1937</td></tr><tr><td>125</td><td>Pinocchio</td><td>Animation</td><td>8.0</td><td>6770</td><td>1940</td></tr><tr><td>126</td><td>Mary Poppins</td><td>Animation</td><td>8.0</td><td>13849</td><td>1964</td></tr><tr><td>127</td><td>Omohide poro poro</td><td>Animation</td><td>8.0</td><td>614</td><td>1991</td></tr><tr><td>128</td><td>Akira</td><td>Animation</td><td>8.0</td><td>14776</td><td>1988</td></tr><tr><td>129</td><td>Jubei ninpucho</td><td>Animation</td><td>8.0</td><td>4240</td><td>1993</td></tr><tr><td>130</td><td>Tokyo Godfathers</td><td>Animation</td><td>8.0</td><td>892</td><td>2003</td></tr><tr><td>131</td><td>Kokaku kidotai</td><td>Animation</td><td>8.0</td><td>9609</td><td>1995</td></tr><tr><td>132</td><td>Aladdin</td><td>Animation</td><td>8.0</td><td>22418</td><td>1992</td></tr><tr><td>133</td><td>The Many Adventures of Winnie the Pooh</td><td>Animation</td><td>8.0</td><td>1622</td><td>1977</td></tr><tr><td>134</td><td>Bambi</td><td>Animation</td><td>8.0</td><td>9141</td><td>1942</td></tr><tr><td>135</td><td>Kokaku kidotai 2: Inosensu</td><td>Animation</td><td>8.0</td><td>1827</td><td>2004</td></tr><tr><td>136</td><td>South Park: Bigger Longer and Uncut</td><td>Animation</td><td>8.0</td><td>34071</td><td>1999</td></tr><tr><td>137</td><td>Vampire Hunter D</td><td>Animation</td><td>7.0</td><td>2594</td><td>2000</td></tr><tr><td>138</td><td>The Jungle Book</td><td>Animation</td><td>7.0</td><td>8995</td><td>1967</td></tr><tr><td>139</td><td>Rupan sansei: Kariosutoro no shiro</td><td>Animation</td><td>7.0</td><td>1872</td><td>1979</td></tr><tr><td>140</td><td>Waking Life</td><td>Animation</td><td>7.0</td><td>6981</td><td>2001</td></tr><tr><td>141</td><td>Neco z Alenky</td><td>Animation</td><td>7.0</td><td>583</td><td>1988</td></tr><tr><td>142</td><td>Cowboy Bebop: Tengoku no tobira</td><td>Animation</td><td>7.0</td><td>3059</td><td>2001</td></tr><tr><td>143</td><td>Chicken Run</td><td>Animation</td><td>7.0</td><td>25038</td><td>2000</td></tr><tr><td>144</td><td>The Flight of Dragons</td><td>Animation</td><td>7.0</td><td>578</td><td>1982</td></tr><tr><td>145</td><td>Flaklypa Grand Prix</td><td>Animation</td><td>7.0</td><td>1966</td><td>1975</td></tr><tr><td>146</td><td>Dr. Strangelove or: How I Learned to Stop Worrying and Love the Bomb</td><td>Comedy</td><td>9.0</td><td>64173</td><td>1964</td></tr><tr><td>147</td><td>Hababam sinifi</td><td>Comedy</td><td>9.0</td><td>1157</td><td>1975</td></tr><tr><td>148</td><td>Singin' in the Rain</td><td>Comedy</td><td>9.0</td><td>20496</td><td>1952</td></tr><tr><td>149</td><td>Modern Times</td><td>Comedy</td><td>8.0</td><td>10287</td><td>1936</td></tr><tr><td>150</td><td>City Lights</td><td>Comedy</td><td>8.0</td><td>7773</td><td>1931</td></tr><tr><td>151</td><td>Mr. Smith Goes to Washington</td><td>Comedy</td><td>8.0</td><td>11524</td><td>1939</td></tr><tr><td>152</td><td>Eternal Sunshine of the Spotless Mind</td><td>Comedy</td><td>8.0</td><td>46654</td><td>2004</td></tr><tr><td>153</td><td>The Apartment</td><td>Comedy</td><td>8.0</td><td>11165</td><td>1960</td></tr><tr><td>154</td><td>Monty Python and the Holy Grail</td><td>Comedy</td><td>8.0</td><td>61157</td><td>1975</td></tr><tr><td>155</td><td>The Sting</td><td>Comedy</td><td>8.0</td><td>23601</td><td>1973</td></tr><tr><td>156</td><td>Tosun Pasa</td><td>Comedy</td><td>8.0</td><td>1151</td><td>1976</td></tr><tr><td>157</td><td>To Be or Not to Be</td><td>Comedy</td><td>8.0</td><td>3565</td><td>1942</td></tr><tr><td>158</td><td>It Happened One Night</td><td>Comedy</td><td>8.0</td><td>7902</td><td>1934</td></tr><tr><td>159</td><td>The Gold Rush</td><td>Comedy</td><td>8.0</td><td>6404</td><td>1925</td></tr><tr><td>160</td><td>Sullivan's Travels</td><td>Comedy</td><td>8.0</td><td>2877</td><td>1941</td></tr><tr><td>161</td><td>Finding Nemo</td><td>Comedy</td><td>8.0</td><td>41576</td><td>2003</td></tr><tr><td>162</td><td>The Incredibles</td><td>Comedy</td><td>8.0</td><td>30189</td><td>2004</td></tr><tr><td>163</td><td>Simon (2004/I)</td><td>Comedy</td><td>8.0</td><td>583</td><td>2004</td></tr><tr><td>164</td><td>The Philadelphia Story</td><td>Comedy</td><td>8.0</td><td>10498</td><td>1940</td></tr><tr><td>165</td><td>His Girl Friday</td><td>Comedy</td><td>8.0</td><td>6642</td><td>1940</td></tr><tr><td>166</td><td>The Kid</td><td>Comedy</td><td>8.0</td><td>2666</td><td>1921</td></tr><tr><td>167</td><td>Kind Hearts and Coronets</td><td>Comedy</td><td>8.0</td><td>3476</td><td>1949</td></tr><tr><td>168</td><td>The Princess Bride</td><td>Comedy</td><td>8.0</td><td>54593</td><td>1987</td></tr><tr><td>169</td><td>A Night at the Opera</td><td>Comedy</td><td>8.0</td><td>5987</td><td>1935</td></tr><tr><td>170</td><td>Filantropica</td><td>Comedy</td><td>8.0</td><td>678</td><td>2002</td></tr><tr><td>171</td><td>The Great Dictator</td><td>Comedy</td><td>8.0</td><td>11406</td><td>1940</td></tr><tr><td>172</td><td>Safety Last!</td><td>Comedy</td><td>8.0</td><td>753</td><td>1923</td></tr><tr><td>173</td><td>Forrest Gump</td><td>Comedy</td><td>8.0</td><td>90372</td><td>1994</td></tr><tr><td>174</td><td>The General</td><td>Comedy</td><td>8.0</td><td>7619</td><td>1927</td></tr><tr><td>175</td><td>Charade</td><td>Comedy</td><td>8.0</td><td>9014</td><td>1963</td></tr><tr><td>176</td><td>Yeopgijeogin geunyeo</td><td>Comedy</td><td>8.0</td><td>2419</td><td>2001</td></tr><tr><td>177</td><td>The Thin Man</td><td>Comedy</td><td>8.0</td><td>4739</td><td>1934</td></tr><tr><td>178</td><td>Harvey</td><td>Comedy</td><td>8.0</td><td>7852</td><td>1950</td></tr><tr><td>179</td><td>A Matter of Life and Death</td><td>Comedy</td><td>8.0</td><td>2085</td><td>1946</td></tr><tr><td>180</td><td>Trouble in Paradise</td><td>Comedy</td><td>8.0</td><td>1301</td><td>1932</td></tr><tr><td>181</td><td>Duck Soup</td><td>Comedy</td><td>8.0</td><td>10835</td><td>1933</td></tr><tr><td>182</td><td>The Graduate</td><td>Comedy</td><td>8.0</td><td>28454</td><td>1967</td></tr><tr><td>183</td><td>Maratonci trce pocasni krug</td><td>Comedy</td><td>8.0</td><td>1378</td><td>1982</td></tr><tr><td>184</td><td>Sideways</td><td>Comedy</td><td>8.0</td><td>16625</td><td>2004</td></tr><tr><td>185</td><td>Back to the Future</td><td>Comedy</td><td>8.0</td><td>69387</td><td>1985</td></tr><tr><td>186</td><td>The Lady Eve</td><td>Comedy</td><td>8.0</td><td>2123</td><td>1941</td></tr><tr><td>187</td><td>Toy Story 2</td><td>Comedy</td><td>8.0</td><td>41800</td><td>1999</td></tr><tr><td>188</td><td>My Man Godfrey</td><td>Comedy</td><td>8.0</td><td>2382</td><td>1936</td></tr><tr><td>189</td><td>The Shop Around the Corner</td><td>Comedy</td><td>8.0</td><td>2873</td><td>1940</td></tr><tr><td>190</td><td>The Godfather</td><td>Crime</td><td>9.0</td><td>123023</td><td>1972</td></tr><tr><td>191</td><td>The Godfather: Part II</td><td>Crime</td><td>9.0</td><td>72021</td><td>1974</td></tr><tr><td>192</td><td>Pulp Fiction</td><td>Crime</td><td>9.0</td><td>132919</td><td>1994</td></tr><tr><td>193</td><td>Cidade de Deus</td><td>Crime</td><td>9.0</td><td>25711</td><td>2002</td></tr><tr><td>194</td><td>12 Angry Men</td><td>Crime</td><td>9.0</td><td>29971</td><td>1957</td></tr><tr><td>195</td><td>The Usual Suspects</td><td>Crime</td><td>9.0</td><td>104307</td><td>1995</td></tr><tr><td>196</td><td>Goodfellas</td><td>Crime</td><td>9.0</td><td>67925</td><td>1990</td></tr><tr><td>197</td><td>The Silence of the Lambs</td><td>Crime</td><td>9.0</td><td>92586</td><td>1991</td></tr><tr><td>198</td><td>Double Indemnity</td><td>Crime</td><td>9.0</td><td>11544</td><td>1944</td></tr><tr><td>199</td><td>Rashomon</td><td>Crime</td><td>9.0</td><td>11576</td><td>1950</td></tr><tr><td>200</td><td>M</td><td>Crime</td><td>9.0</td><td>11995</td><td>1931</td></tr><tr><td>201</td><td>Fight Club</td><td>Crime</td><td>8.0</td><td>112364</td><td>1999</td></tr><tr><td>202</td><td>Sunrise: A Song of Two Humans</td><td>Crime</td><td>8.0</td><td>2639</td><td>1927</td></tr><tr><td>203</td><td>On the Waterfront</td><td>Crime</td><td>8.0</td><td>12746</td><td>1954</td></tr><tr><td>204</td><td>Requiem for a Dream</td><td>Crime</td><td>8.0</td><td>47559</td><td>2000</td></tr><tr><td>205</td><td>Touch of Evil</td><td>Crime</td><td>8.0</td><td>11710</td><td>1958</td></tr><tr><td>206</td><td>Se7en</td><td>Crime</td><td>8.0</td><td>88827</td><td>1995</td></tr><tr><td>207</td><td>Taxi Driver</td><td>Crime</td><td>8.0</td><td>48619</td><td>1976</td></tr><tr><td>208</td><td>Leon</td><td>Crime</td><td>8.0</td><td>52681</td><td>1994</td></tr><tr><td>209</td><td>The Sting</td><td>Crime</td><td>8.0</td><td>23601</td><td>1973</td></tr><tr><td>210</td><td>American History X</td><td>Crime</td><td>8.0</td><td>59385</td><td>1998</td></tr><tr><td>211</td><td>Yojimbo</td><td>Crime</td><td>8.0</td><td>8921</td><td>1961</td></tr><tr><td>212</td><td>Chinatown</td><td>Crime</td><td>8.0</td><td>26537</td><td>1974</td></tr><tr><td>213</td><td>Some Like It Hot</td><td>Crime</td><td>8.0</td><td>26211</td><td>1959</td></tr><tr><td>214</td><td>L.A. Confidential</td><td>Crime</td><td>8.0</td><td>70348</td><td>1997</td></tr><tr><td>215</td><td>Kill Bill: Vol. 1</td><td>Crime</td><td>8.0</td><td>65566</td><td>2003</td></tr><tr><td>216</td><td>A Clockwork Orange</td><td>Crime</td><td>8.0</td><td>65951</td><td>1971</td></tr><tr><td>217</td><td>Reservoir Dogs</td><td>Crime</td><td>8.0</td><td>69902</td><td>1992</td></tr><tr><td>218</td><td>White Heat</td><td>Crime</td><td>8.0</td><td>2612</td><td>1949</td></tr><tr><td>219</td><td>Laura</td><td>Crime</td><td>8.0</td><td>4603</td><td>1944</td></tr><tr><td>220</td><td>Sin City</td><td>Crime</td><td>8.0</td><td>22697</td><td>2005</td></tr><tr><td>221</td><td>Fargo</td><td>Crime</td><td>8.0</td><td>66356</td><td>1996</td></tr><tr><td>222</td><td>Kill Bill: Vol. 2</td><td>Crime</td><td>8.0</td><td>44831</td><td>2004</td></tr><tr><td>223</td><td>The Killing</td><td>Crime</td><td>8.0</td><td>6938</td><td>1956</td></tr><tr><td>224</td><td>The Thin Man</td><td>Crime</td><td>8.0</td><td>4739</td><td>1934</td></tr><tr><td>225</td><td>Pepe le Moko</td><td>Crime</td><td>8.0</td><td>578</td><td>1937</td></tr><tr><td>226</td><td>Butch Cassidy and the Sundance Kid</td><td>Crime</td><td>8.0</td><td>21085</td><td>1969</td></tr><tr><td>227</td><td>I Am a Fugitive from a Chain Gang</td><td>Crime</td><td>8.0</td><td>1190</td><td>1932</td></tr><tr><td>228</td><td>Once Upon a Time in America</td><td>Crime</td><td>8.0</td><td>20188</td><td>1984</td></tr><tr><td>229</td><td>Lola rennt</td><td>Crime</td><td>8.0</td><td>33657</td><td>1998</td></tr><tr><td>230</td><td>In the Heat of the Night</td><td>Crime</td><td>8.0</td><td>6727</td><td>1967</td></tr><tr><td>231</td><td>In Cold Blood</td><td>Crime</td><td>8.0</td><td>2394</td><td>1967</td></tr><tr><td>232</td><td>Inherit the Wind</td><td>Crime</td><td>8.0</td><td>3650</td><td>1960</td></tr><tr><td>233</td><td>The Wild Bunch</td><td>Crime</td><td>8.0</td><td>11453</td><td>1969</td></tr><tr><td>234</td><td>Wu jian dao</td><td>Crime</td><td>8.0</td><td>4007</td><td>2002</td></tr><tr><td>235</td><td>Die Hard</td><td>Crime</td><td>8.0</td><td>59648</td><td>1988</td></tr><tr><td>236</td><td>Amores perros</td><td>Crime</td><td>8.0</td><td>15987</td><td>2000</td></tr><tr><td>237</td><td>Ossessione</td><td>Crime</td><td>8.0</td><td>536</td><td>1943</td></tr><tr><td>238</td><td>Mystic River</td><td>Crime</td><td>8.0</td><td>29718</td><td>2003</td></tr><tr><td>239</td><td>Ilha das Flores</td><td>Documentary</td><td>9.0</td><td>329</td><td>1989</td></tr><tr><td>240</td><td>Chagrin et la pitie Le</td><td>Documentary</td><td>9.0</td><td>436</td><td>1969</td></tr><tr><td>241</td><td>Bowling for Columbine</td><td>Documentary</td><td>8.0</td><td>36595</td><td>2002</td></tr><tr><td>242</td><td>The Corporation</td><td>Documentary</td><td>8.0</td><td>2053</td><td>2003</td></tr><tr><td>243</td><td>Nema-ye Nazdik</td><td>Documentary</td><td>8.0</td><td>361</td><td>1990</td></tr><tr><td>244</td><td>The Times of Harvey Milk</td><td>Documentary</td><td>8.0</td><td>400</td><td>1984</td></tr><tr><td>245</td><td>My Flesh and Blood</td><td>Documentary</td><td>8.0</td><td>232</td><td>2003</td></tr><tr><td>246</td><td>The Fog of War: Eleven Lessons from the Life of Robert S. McNamara</td><td>Documentary</td><td>8.0</td><td>3385</td><td>2003</td></tr><tr><td>247</td><td>Promises</td><td>Documentary</td><td>8.0</td><td>448</td><td>2001</td></tr><tr><td>248</td><td>Titicut Follies</td><td>Documentary</td><td>8.0</td><td>266</td><td>1967</td></tr><tr><td>249</td><td>Hearts and Minds</td><td>Documentary</td><td>8.0</td><td>408</td><td>1974</td></tr><tr><td>250</td><td>Waco: The Rules of Engagement</td><td>Documentary</td><td>8.0</td><td>538</td><td>1997</td></tr><tr><td>251</td><td>Unprecedented: The 2000 Presidential Election</td><td>Documentary</td><td>8.0</td><td>222</td><td>2002</td></tr><tr><td>252</td><td>Hearts of Darkness: A Filmmaker's Apocalypse</td><td>Documentary</td><td>8.0</td><td>2565</td><td>1991</td></tr><tr><td>253</td><td>Capturing the Friedmans</td><td>Documentary</td><td>8.0</td><td>3156</td><td>2003</td></tr><tr><td>254</td><td>Berlin: Die Sinfonie der Grobstadt</td><td>Documentary</td><td>8.0</td><td>287</td><td>1927</td></tr><tr><td>255</td><td>Touching the Void</td><td>Documentary</td><td>8.0</td><td>3647</td><td>2003</td></tr><tr><td>256</td><td>Harlan County, U.S.A.</td><td>Documentary</td><td>8.0</td><td>297</td><td>1976</td></tr><tr><td>257</td><td>Spellbound (2002/II)</td><td>Documentary</td><td>8.0</td><td>3291</td><td>2002</td></tr><tr><td>258</td><td>Un coupable ideal</td><td>Documentary</td><td>8.0</td><td>407</td><td>2001</td></tr><tr><td>259</td><td>Nuit et brouillard</td><td>Documentary</td><td>8.0</td><td>1249</td><td>1955</td></tr><tr><td>260</td><td>Stevie</td><td>Documentary</td><td>8.0</td><td>450</td><td>2002</td></tr><tr><td>261</td><td>Sans soleil</td><td>Documentary</td><td>8.0</td><td>427</td><td>1983</td></tr><tr><td>262</td><td>Zapruder Film of Kennedy Assassination</td><td>Documentary</td><td>8.0</td><td>210</td><td>1963</td></tr><tr><td>263</td><td>Olympia 1. Teil - Fest der Volker</td><td>Documentary</td><td>8.0</td><td>523</td><td>1938</td></tr><tr><td>264</td><td>Peuple migrateur Le</td><td>Documentary</td><td>8.0</td><td>3068</td><td>2001</td></tr><tr><td>265</td><td>Salesman</td><td>Documentary</td><td>8.0</td><td>355</td><td>1969</td></tr><tr><td>266</td><td>Cane Toads</td><td>Documentary</td><td>8.0</td><td>207</td><td>1988</td></tr><tr><td>267</td><td>Rivers and Tides</td><td>Documentary</td><td>8.0</td><td>440</td><td>2001</td></tr><tr><td>268</td><td>Fahrenheit 9/11</td><td>Documentary</td><td>8.0</td><td>34498</td><td>2004</td></tr><tr><td>269</td><td>Control Room</td><td>Documentary</td><td>8.0</td><td>1445</td><td>2004</td></tr><tr><td>270</td><td>Zendegi va digar hich</td><td>Documentary</td><td>8.0</td><td>252</td><td>1991</td></tr><tr><td>271</td><td>Etre et avoir</td><td>Documentary</td><td>8.0</td><td>1615</td><td>2002</td></tr><tr><td>272</td><td>Chelovek s kinoapparatom</td><td>Documentary</td><td>8.0</td><td>1196</td><td>1929</td></tr><tr><td>273</td><td>Hoop Dreams</td><td>Documentary</td><td>8.0</td><td>4630</td><td>1994</td></tr><tr><td>274</td><td>Koyaanisqatsi</td><td>Documentary</td><td>8.0</td><td>4908</td><td>1983</td></tr><tr><td>275</td><td>Onibus 174</td><td>Documentary</td><td>8.0</td><td>617</td><td>2002</td></tr><tr><td>276</td><td>DiG!</td><td>Documentary</td><td>8.0</td><td>338</td><td>2004</td></tr><tr><td>277</td><td>The Compleat Beatles</td><td>Documentary</td><td>8.0</td><td>352</td><td>1984</td></tr><tr><td>278</td><td>Paragraph 175</td><td>Documentary</td><td>8.0</td><td>293</td><td>2000</td></tr><tr><td>279</td><td>Into the Arms of Strangers: Stories of the Kindertransport</td><td>Documentary</td><td>8.0</td><td>390</td><td>2000</td></tr><tr><td>280</td><td>The Last Waltz</td><td>Documentary</td><td>8.0</td><td>2303</td><td>1978</td></tr><tr><td>281</td><td>Stop Making Sense</td><td>Documentary</td><td>8.0</td><td>2168</td><td>1984</td></tr><tr><td>282</td><td>Animals Are Beautiful People</td><td>Documentary</td><td>8.0</td><td>302</td><td>1974</td></tr><tr><td>283</td><td>Outfoxed: Rupert Murdoch's War on Journalism</td><td>Documentary</td><td>8.0</td><td>1364</td><td>2004</td></tr><tr><td>284</td><td>For All Mankind</td><td>Documentary</td><td>8.0</td><td>248</td><td>1989</td></tr><tr><td>285</td><td>Roger and Me</td><td>Documentary</td><td>8.0</td><td>7655</td><td>1989</td></tr><tr><td>286</td><td>The Godfather</td><td>Drama</td><td>9.0</td><td>123023</td><td>1972</td></tr><tr><td>287</td><td>The Shawshank Redemption</td><td>Drama</td><td>9.0</td><td>149781</td><td>1994</td></tr><tr><td>288</td><td>Shichinin no samurai</td><td>Drama</td><td>9.0</td><td>31947</td><td>1954</td></tr><tr><td>289</td><td>The Godfather: Part II</td><td>Drama</td><td>9.0</td><td>72021</td><td>1974</td></tr><tr><td>290</td><td>Casablanca</td><td>Drama</td><td>9.0</td><td>66617</td><td>1942</td></tr><tr><td>291</td><td>Schindler's List</td><td>Drama</td><td>9.0</td><td>98214</td><td>1993</td></tr><tr><td>292</td><td>Sansho dayu</td><td>Drama</td><td>9.0</td><td>579</td><td>1954</td></tr><tr><td>293</td><td>One Flew Over the Cuckoo's Nest</td><td>Drama</td><td>9.0</td><td>70784</td><td>1975</td></tr><tr><td>294</td><td>Citizen Kane</td><td>Drama</td><td>9.0</td><td>61666</td><td>1941</td></tr><tr><td>295</td><td>Pulp Fiction</td><td>Drama</td><td>9.0</td><td>132919</td><td>1994</td></tr><tr><td>296</td><td>Cidade de Deus</td><td>Drama</td><td>9.0</td><td>25711</td><td>2002</td></tr><tr><td>297</td><td>C'era una volta il West</td><td>Drama</td><td>9.0</td><td>17140</td><td>1968</td></tr><tr><td>298</td><td>12 Angry Men</td><td>Drama</td><td>9.0</td><td>29971</td><td>1957</td></tr><tr><td>299</td><td>Sunset Blvd.</td><td>Drama</td><td>9.0</td><td>16071</td><td>1950</td></tr><tr><td>300</td><td>Lawrence of Arabia</td><td>Drama</td><td>9.0</td><td>31907</td><td>1962</td></tr><tr><td>301</td><td>Obchod na korze</td><td>Drama</td><td>9.0</td><td>511</td><td>1965</td></tr><tr><td>302</td><td>Paths of Glory</td><td>Drama</td><td>9.0</td><td>14346</td><td>1957</td></tr><tr><td>303</td><td>Goodfellas</td><td>Drama</td><td>9.0</td><td>67925</td><td>1990</td></tr><tr><td>304</td><td>Memento</td><td>Drama</td><td>9.0</td><td>90917</td><td>2000</td></tr><tr><td>305</td><td>Double Indemnity</td><td>Drama</td><td>9.0</td><td>11544</td><td>1944</td></tr><tr><td>306</td><td>Rashomon</td><td>Drama</td><td>9.0</td><td>11576</td><td>1950</td></tr><tr><td>307</td><td>American Beauty</td><td>Drama</td><td>9.0</td><td>110423</td><td>1999</td></tr><tr><td>308</td><td>Sen to Chihiro no kamikakushi</td><td>Drama</td><td>9.0</td><td>24085</td><td>2001</td></tr><tr><td>309</td><td>Apocalypse Now</td><td>Drama</td><td>9.0</td><td>64552</td><td>1979</td></tr><tr><td>310</td><td>It's a Wonderful Life</td><td>Drama</td><td>8.0</td><td>42026</td><td>1946</td></tr><tr><td>311</td><td>All About Eve</td><td>Drama</td><td>8.0</td><td>12991</td><td>1950</td></tr><tr><td>312</td><td>City Lights</td><td>Drama</td><td>8.0</td><td>7773</td><td>1931</td></tr><tr><td>313</td><td>Fight Club</td><td>Drama</td><td>8.0</td><td>112364</td><td>1999</td></tr><tr><td>314</td><td>The Treasure of the Sierra Madre</td><td>Drama</td><td>8.0</td><td>10433</td><td>1948</td></tr><tr><td>315</td><td>The Bridge on the River Kwai</td><td>Drama</td><td>8.0</td><td>22331</td><td>1957</td></tr><tr><td>316</td><td>Mr. Smith Goes to Washington</td><td>Drama</td><td>8.0</td><td>11524</td><td>1939</td></tr><tr><td>317</td><td>Eternal Sunshine of the Spotless Mind</td><td>Drama</td><td>8.0</td><td>46654</td><td>2004</td></tr><tr><td>318</td><td>Sunrise: A Song of Two Humans</td><td>Drama</td><td>8.0</td><td>2639</td><td>1927</td></tr><tr><td>319</td><td>Vertigo</td><td>Drama</td><td>8.0</td><td>34695</td><td>1958</td></tr><tr><td>320</td><td>Ran</td><td>Drama</td><td>8.0</td><td>11917</td><td>1985</td></tr><tr><td>321</td><td>Taegukgi hwinalrimyeo</td><td>Drama</td><td>8.0</td><td>1746</td><td>2004</td></tr><tr><td>322</td><td>On the Waterfront</td><td>Drama</td><td>8.0</td><td>12746</td><td>1954</td></tr><tr><td>323</td><td>The Manchurian Candidate</td><td>Drama</td><td>8.0</td><td>14177</td><td>1962</td></tr><tr><td>324</td><td>Hotel Rwanda</td><td>Drama</td><td>8.0</td><td>7903</td><td>2004</td></tr><tr><td>325</td><td>The Wind (1928/I)</td><td>Drama</td><td>8.0</td><td>538</td><td>1928</td></tr><tr><td>326</td><td>Requiem for a Dream</td><td>Drama</td><td>8.0</td><td>47559</td><td>2000</td></tr><tr><td>327</td><td>The Apartment</td><td>Drama</td><td>8.0</td><td>11165</td><td>1960</td></tr><tr><td>328</td><td>Se7en</td><td>Drama</td><td>8.0</td><td>88827</td><td>1995</td></tr><tr><td>329</td><td>To Kill a Mockingbird</td><td>Drama</td><td>8.0</td><td>30979</td><td>1962</td></tr><tr><td>330</td><td>Metropolis</td><td>Drama</td><td>8.0</td><td>11926</td><td>1927</td></tr><tr><td>331</td><td>It's a Wonderful Life</td><td>Family</td><td>8.0</td><td>42026</td><td>1946</td></tr><tr><td>332</td><td>The Wizard of Oz</td><td>Family</td><td>8.0</td><td>38263</td><td>1939</td></tr><tr><td>333</td><td>The Gold Rush</td><td>Family</td><td>8.0</td><td>6404</td><td>1925</td></tr><tr><td>334</td><td>Finding Nemo</td><td>Family</td><td>8.0</td><td>41576</td><td>2003</td></tr><tr><td>335</td><td>The Incredibles</td><td>Family</td><td>8.0</td><td>30189</td><td>2004</td></tr><tr><td>336</td><td>The Kid</td><td>Family</td><td>8.0</td><td>2666</td><td>1921</td></tr><tr><td>337</td><td>Safety Last!</td><td>Family</td><td>8.0</td><td>753</td><td>1923</td></tr><tr><td>338</td><td>Harvey</td><td>Family</td><td>8.0</td><td>7852</td><td>1950</td></tr><tr><td>339</td><td>Tenku no shiro Rapyuta</td><td>Family</td><td>8.0</td><td>4910</td><td>1986</td></tr><tr><td>340</td><td>Tonari no Totoro</td><td>Family</td><td>8.0</td><td>5203</td><td>1988</td></tr><tr><td>341</td><td>Toy Story 2</td><td>Family</td><td>8.0</td><td>41800</td><td>1999</td></tr><tr><td>342</td><td>Bringing Up Baby</td><td>Family</td><td>8.0</td><td>10213</td><td>1938</td></tr><tr><td>343</td><td>Shrek</td><td>Family</td><td>8.0</td><td>65889</td><td>2001</td></tr><tr><td>344</td><td>A Christmas Story</td><td>Family</td><td>8.0</td><td>20612</td><td>1983</td></tr><tr><td>345</td><td>The Cameraman</td><td>Family</td><td>8.0</td><td>792</td><td>1928</td></tr><tr><td>346</td><td>Monsters, Inc.</td><td>Family</td><td>8.0</td><td>39531</td><td>2001</td></tr><tr><td>347</td><td>Toy Story</td><td>Family</td><td>8.0</td><td>46815</td><td>1995</td></tr><tr><td>348</td><td>Our Hospitality</td><td>Family</td><td>8.0</td><td>874</td><td>1923</td></tr><tr><td>349</td><td>Beauty and the Beast</td><td>Family</td><td>8.0</td><td>25575</td><td>1991</td></tr><tr><td>350</td><td>Fantasia</td><td>Family</td><td>8.0</td><td>14878</td><td>1940</td></tr><tr><td>351</td><td>The Iron Giant</td><td>Family</td><td>8.0</td><td>15104</td><td>1999</td></tr><tr><td>352</td><td>My Fair Lady</td><td>Family</td><td>8.0</td><td>12684</td><td>1964</td></tr><tr><td>353</td><td>The Circus</td><td>Family</td><td>8.0</td><td>1231</td><td>1928</td></tr><tr><td>354</td><td>Seven Chances</td><td>Family</td><td>8.0</td><td>543</td><td>1925</td></tr><tr><td>355</td><td>The Nightmare Before Christmas</td><td>Family</td><td>8.0</td><td>19559</td><td>1993</td></tr><tr><td>356</td><td>Majo no takkyubin</td><td>Family</td><td>8.0</td><td>3514</td><td>1989</td></tr><tr><td>357</td><td>Kurenai no buta</td><td>Family</td><td>8.0</td><td>2044</td><td>1992</td></tr><tr><td>358</td><td>Shrek 2</td><td>Family</td><td>8.0</td><td>27038</td><td>2004</td></tr><tr><td>359</td><td>The Lion King</td><td>Family</td><td>8.0</td><td>32785</td><td>1994</td></tr><tr><td>360</td><td>Mimi wo sumaseba</td><td>Family</td><td>8.0</td><td>1015</td><td>1995</td></tr><tr><td>361</td><td>E.T. the Extra-Terrestrial</td><td>Family</td><td>8.0</td><td>45047</td><td>1982</td></tr><tr><td>362</td><td>Snow White and the Seven Dwarfs</td><td>Family</td><td>8.0</td><td>15280</td><td>1937</td></tr><tr><td>363</td><td>Pinocchio</td><td>Family</td><td>8.0</td><td>6770</td><td>1940</td></tr><tr><td>364</td><td>Whale Rider</td><td>Family</td><td>8.0</td><td>11209</td><td>2002</td></tr><tr><td>365</td><td>Mary Poppins</td><td>Family</td><td>8.0</td><td>13849</td><td>1964</td></tr><tr><td>366</td><td>Meet Me in St. Louis</td><td>Family</td><td>8.0</td><td>2466</td><td>1944</td></tr><tr><td>367</td><td>The Sound of Music</td><td>Family</td><td>8.0</td><td>21570</td><td>1965</td></tr><tr><td>368</td><td>Fiddler on the Roof</td><td>Family</td><td>8.0</td><td>5863</td><td>1971</td></tr><tr><td>369</td><td>Miracle on 34th Street</td><td>Family</td><td>8.0</td><td>6659</td><td>1947</td></tr><tr><td>370</td><td>Harry Potter and the Prisoner of Azkaban</td><td>Family</td><td>8.0</td><td>25762</td><td>2004</td></tr><tr><td>371</td><td>Aladdin</td><td>Family</td><td>8.0</td><td>22418</td><td>1992</td></tr><tr><td>372</td><td>The Thief of Bagdad</td><td>Family</td><td>8.0</td><td>1309</td><td>1940</td></tr><tr><td>373</td><td>The Many Adventures of Winnie the Pooh</td><td>Family</td><td>8.0</td><td>1622</td><td>1977</td></tr><tr><td>374</td><td>The Pride of the Yankees</td><td>Family</td><td>8.0</td><td>1736</td><td>1942</td></tr><tr><td>375</td><td>Bambi</td><td>Family</td><td>8.0</td><td>9141</td><td>1942</td></tr><tr><td>376</td><td>The Music Man</td><td>Family</td><td>8.0</td><td>3935</td><td>1962</td></tr><tr><td>377</td><td>The Band Wagon</td><td>Family</td><td>8.0</td><td>1195</td><td>1953</td></tr><tr><td>378</td><td>The Jungle Book</td><td>Family</td><td>7.0</td><td>8995</td><td>1967</td></tr><tr><td>379</td><td>Willy Wonka and the Chocolate Factory</td><td>Family</td><td>7.0</td><td>17401</td><td>1971</td></tr><tr><td>380</td><td>The Lord of the Rings: The Return of the King</td><td>Fantasy</td><td>9.0</td><td>103911</td><td>2003</td></tr><tr><td>381</td><td>The Lord of the Rings: The Fellowship of the Ring</td><td>Fantasy</td><td>9.0</td><td>157984</td><td>2001</td></tr><tr><td>382</td><td>Star Wars</td><td>Fantasy</td><td>9.0</td><td>135001</td><td>1977</td></tr><tr><td>383</td><td>The Lord of the Rings: The Two Towers</td><td>Fantasy</td><td>9.0</td><td>115175</td><td>2002</td></tr><tr><td>384</td><td>Star Wars: Episode V - The Empire Strikes Back</td><td>Fantasy</td><td>9.0</td><td>104167</td><td>1980</td></tr><tr><td>385</td><td>Sen to Chihiro no kamikakushi</td><td>Fantasy</td><td>9.0</td><td>24085</td><td>2001</td></tr><tr><td>386</td><td>It's a Wonderful Life</td><td>Fantasy</td><td>8.0</td><td>42026</td><td>1946</td></tr><tr><td>387</td><td>Monty Python and the Holy Grail</td><td>Fantasy</td><td>8.0</td><td>61157</td><td>1975</td></tr><tr><td>388</td><td>The Wizard of Oz</td><td>Fantasy</td><td>8.0</td><td>38263</td><td>1939</td></tr><tr><td>389</td><td>Faust</td><td>Fantasy</td><td>8.0</td><td>722</td><td>1926</td></tr><tr><td>390</td><td>Wo hu cang long</td><td>Fantasy</td><td>8.0</td><td>52043</td><td>2000</td></tr><tr><td>391</td><td>Fanny och Alexander</td><td>Fantasy</td><td>8.0</td><td>4331</td><td>1982</td></tr><tr><td>392</td><td>The Princess Bride</td><td>Fantasy</td><td>8.0</td><td>54593</td><td>1987</td></tr><tr><td>393</td><td>Donnie Darko</td><td>Fantasy</td><td>8.0</td><td>52532</td><td>2001</td></tr><tr><td>394</td><td>Harvey</td><td>Fantasy</td><td>8.0</td><td>7852</td><td>1950</td></tr><tr><td>395</td><td>A Matter of Life and Death</td><td>Fantasy</td><td>8.0</td><td>2085</td><td>1946</td></tr><tr><td>396</td><td>Mononoke-hime</td><td>Fantasy</td><td>8.0</td><td>20250</td><td>1997</td></tr><tr><td>397</td><td>Tenku no shiro Rapyuta</td><td>Fantasy</td><td>8.0</td><td>4910</td><td>1986</td></tr><tr><td>398</td><td>Scrooge</td><td>Fantasy</td><td>8.0</td><td>3689</td><td>1951</td></tr><tr><td>399</td><td>Tonari no Totoro</td><td>Fantasy</td><td>8.0</td><td>5203</td><td>1988</td></tr><tr><td>400</td><td>Toy Story 2</td><td>Fantasy</td><td>8.0</td><td>41800</td><td>1999</td></tr><tr><td>401</td><td>The Green Mile</td><td>Fantasy</td><td>8.0</td><td>60897</td><td>1999</td></tr><tr><td>402</td><td>Star Wars: Episode VI - Return of the Jedi</td><td>Fantasy</td><td>8.0</td><td>83007</td><td>1983</td></tr><tr><td>403</td><td>King Kong</td><td>Fantasy</td><td>8.0</td><td>10262</td><td>1933</td></tr><tr><td>404</td><td>Shrek</td><td>Fantasy</td><td>8.0</td><td>65889</td><td>2001</td></tr><tr><td>405</td><td>Sennen joyu</td><td>Fantasy</td><td>8.0</td><td>960</td><td>2001</td></tr><tr><td>406</td><td>Big Fish</td><td>Fantasy</td><td>8.0</td><td>32222</td><td>2003</td></tr><tr><td>407</td><td>Hauru no ugoku shiro</td><td>Fantasy</td><td>8.0</td><td>859</td><td>2004</td></tr><tr><td>408</td><td>Kaze no tani no Naushika</td><td>Fantasy</td><td>8.0</td><td>3279</td><td>1984</td></tr><tr><td>409</td><td>Groundhog Day</td><td>Fantasy</td><td>8.0</td><td>45596</td><td>1993</td></tr><tr><td>410</td><td>Toy Story</td><td>Fantasy</td><td>8.0</td><td>46815</td><td>1995</td></tr><tr><td>411</td><td>Brazil</td><td>Fantasy</td><td>8.0</td><td>31574</td><td>1985</td></tr><tr><td>412</td><td>Beauty and the Beast</td><td>Fantasy</td><td>8.0</td><td>25575</td><td>1991</td></tr><tr><td>413</td><td>Being John Malkovich</td><td>Fantasy</td><td>8.0</td><td>55823</td><td>1999</td></tr><tr><td>414</td><td>Fantasia</td><td>Fantasy</td><td>8.0</td><td>14878</td><td>1940</td></tr><tr><td>415</td><td>Pirates of the Caribbean: The Curse of the Black Pearl</td><td>Fantasy</td><td>8.0</td><td>61350</td><td>2003</td></tr><tr><td>416</td><td>The Nightmare Before Christmas</td><td>Fantasy</td><td>8.0</td><td>19559</td><td>1993</td></tr><tr><td>417</td><td>Majo no takkyubin</td><td>Fantasy</td><td>8.0</td><td>3514</td><td>1989</td></tr><tr><td>418</td><td>Memories</td><td>Fantasy</td><td>8.0</td><td>791</td><td>1995</td></tr><tr><td>419</td><td>Kurenai no buta</td><td>Fantasy</td><td>8.0</td><td>2044</td><td>1992</td></tr><tr><td>420</td><td>Shrek 2</td><td>Fantasy</td><td>8.0</td><td>27038</td><td>2004</td></tr><tr><td>421</td><td>Spider-Man 2</td><td>Fantasy</td><td>8.0</td><td>40934</td><td>2004</td></tr><tr><td>422</td><td>Mimi wo sumaseba</td><td>Fantasy</td><td>8.0</td><td>1015</td><td>1995</td></tr><tr><td>423</td><td>Sunset Blvd.</td><td>Noir</td><td>9.0</td><td>16071</td><td>1950</td></tr><tr><td>424</td><td>Double Indemnity</td><td>Noir</td><td>9.0</td><td>11544</td><td>1944</td></tr><tr><td>425</td><td>The Third Man</td><td>Noir</td><td>9.0</td><td>18333</td><td>1949</td></tr><tr><td>426</td><td>M</td><td>Noir</td><td>9.0</td><td>11995</td><td>1931</td></tr><tr><td>427</td><td>The Maltese Falcon</td><td>Noir</td><td>8.0</td><td>19393</td><td>1941</td></tr><tr><td>428</td><td>Touch of Evil</td><td>Noir</td><td>8.0</td><td>11710</td><td>1958</td></tr><tr><td>429</td><td>The Night of the Hunter</td><td>Noir</td><td>8.0</td><td>7511</td><td>1955</td></tr><tr><td>430</td><td>White Heat</td><td>Noir</td><td>8.0</td><td>2612</td><td>1949</td></tr><tr><td>431</td><td>Nightmare Alley</td><td>Noir</td><td>8.0</td><td>357</td><td>1947</td></tr><tr><td>432</td><td>Strangers on a Train</td><td>Noir</td><td>8.0</td><td>11583</td><td>1951</td></tr><tr><td>433</td><td>Laura</td><td>Noir</td><td>8.0</td><td>4603</td><td>1944</td></tr><tr><td>434</td><td>Shadow of a Doubt</td><td>Noir</td><td>8.0</td><td>5659</td><td>1943</td></tr><tr><td>435</td><td>The Killing</td><td>Noir</td><td>8.0</td><td>6938</td><td>1956</td></tr><tr><td>436</td><td>Out of the Past</td><td>Noir</td><td>8.0</td><td>2528</td><td>1947</td></tr><tr><td>437</td><td>Notorious</td><td>Noir</td><td>8.0</td><td>11588</td><td>1946</td></tr><tr><td>438</td><td>The Big Sleep</td><td>Noir</td><td>8.0</td><td>10940</td><td>1946</td></tr><tr><td>439</td><td>I Am a Fugitive from a Chain Gang</td><td>Noir</td><td>8.0</td><td>1190</td><td>1932</td></tr><tr><td>440</td><td>Sweet Smell of Success</td><td>Noir</td><td>8.0</td><td>2263</td><td>1957</td></tr><tr><td>441</td><td>Body and Soul</td><td>Noir</td><td>8.0</td><td>510</td><td>1947</td></tr><tr><td>442</td><td>The Set-Up</td><td>Noir</td><td>8.0</td><td>599</td><td>1949</td></tr><tr><td>443</td><td>Ace in the Hole</td><td>Noir</td><td>8.0</td><td>1096</td><td>1951</td></tr><tr><td>444</td><td>Nora inu</td><td>Noir</td><td>8.0</td><td>1188</td><td>1949</td></tr><tr><td>445</td><td>Key Largo</td><td>Noir</td><td>8.0</td><td>5057</td><td>1948</td></tr><tr><td>446</td><td>Deadly Is the Female</td><td>Noir</td><td>8.0</td><td>742</td><td>1949</td></tr><tr><td>447</td><td>The Killers</td><td>Noir</td><td>8.0</td><td>1586</td><td>1946</td></tr><tr><td>448</td><td>Night and the City</td><td>Noir</td><td>8.0</td><td>403</td><td>1950</td></tr><tr><td>449</td><td>The Asphalt Jungle</td><td>Noir</td><td>8.0</td><td>2508</td><td>1950</td></tr><tr><td>450</td><td>The Big Heat</td><td>Noir</td><td>8.0</td><td>1638</td><td>1953</td></tr><tr><td>451</td><td>The Narrow Margin</td><td>Noir</td><td>8.0</td><td>386</td><td>1952</td></tr><tr><td>452</td><td>Mildred Pierce</td><td>Noir</td><td>8.0</td><td>2329</td><td>1945</td></tr><tr><td>453</td><td>They Live by Night</td><td>Noir</td><td>8.0</td><td>381</td><td>1949</td></tr><tr><td>454</td><td>In a Lonely Place</td><td>Noir</td><td>8.0</td><td>1450</td><td>1950</td></tr><tr><td>455</td><td>Pickup on South Street</td><td>Noir</td><td>8.0</td><td>770</td><td>1953</td></tr><tr><td>456</td><td>The Lady from Shanghai</td><td>Noir</td><td>8.0</td><td>2364</td><td>1947</td></tr><tr><td>457</td><td>This Gun for Hire</td><td>Noir</td><td>8.0</td><td>567</td><td>1942</td></tr><tr><td>458</td><td>Kiss of Death</td><td>Noir</td><td>8.0</td><td>529</td><td>1947</td></tr><tr><td>459</td><td>Fury</td><td>Noir</td><td>8.0</td><td>1100</td><td>1936</td></tr><tr><td>460</td><td>Champion</td><td>Noir</td><td>8.0</td><td>433</td><td>1949</td></tr><tr><td>461</td><td>Where the Sidewalk Ends</td><td>Noir</td><td>8.0</td><td>213</td><td>1950</td></tr><tr><td>462</td><td>Crossfire</td><td>Noir</td><td>8.0</td><td>592</td><td>1947</td></tr><tr><td>463</td><td>Caged</td><td>Noir</td><td>8.0</td><td>222</td><td>1950</td></tr><tr><td>464</td><td>The Big Clock</td><td>Noir</td><td>8.0</td><td>641</td><td>1948</td></tr><tr><td>465</td><td>The Postman Always Rings Twice</td><td>Noir</td><td>8.0</td><td>2181</td><td>1946</td></tr><tr><td>466</td><td>The Woman in the Window</td><td>Noir</td><td>8.0</td><td>849</td><td>1945</td></tr><tr><td>467</td><td>The Letter</td><td>Noir</td><td>8.0</td><td>1052</td><td>1940</td></tr><tr><td>468</td><td>Kiss Me Deadly</td><td>Noir</td><td>8.0</td><td>1829</td><td>1955</td></tr><tr><td>469</td><td>Scarlet Street</td><td>Noir</td><td>8.0</td><td>896</td><td>1945</td></tr><tr><td>470</td><td>The Naked City</td><td>Noir</td><td>8.0</td><td>555</td><td>1948</td></tr><tr><td>471</td><td>You Only Live Once</td><td>Noir</td><td>8.0</td><td>362</td><td>1937</td></tr><tr><td>472</td><td>Psycho</td><td>Horror</td><td>9.0</td><td>53779</td><td>1960</td></tr><tr><td>473</td><td>The Silence of the Lambs</td><td>Horror</td><td>9.0</td><td>92586</td><td>1991</td></tr><tr><td>474</td><td>Alien</td><td>Horror</td><td>8.0</td><td>63166</td><td>1979</td></tr><tr><td>475</td><td>Faust</td><td>Horror</td><td>8.0</td><td>722</td><td>1926</td></tr><tr><td>476</td><td>The Shining</td><td>Horror</td><td>8.0</td><td>50693</td><td>1980</td></tr><tr><td>477</td><td>Jaws</td><td>Horror</td><td>8.0</td><td>46817</td><td>1975</td></tr><tr><td>478</td><td>Aliens</td><td>Horror</td><td>8.0</td><td>64570</td><td>1986</td></tr><tr><td>479</td><td>The Night of the Hunter</td><td>Horror</td><td>8.0</td><td>7511</td><td>1955</td></tr><tr><td>480</td><td>Bride of Frankenstein</td><td>Horror</td><td>8.0</td><td>4707</td><td>1935</td></tr><tr><td>481</td><td>Onibaba</td><td>Horror</td><td>8.0</td><td>712</td><td>1964</td></tr><tr><td>482</td><td>King Kong</td><td>Horror</td><td>8.0</td><td>10262</td><td>1933</td></tr><tr><td>483</td><td>Frankenstein</td><td>Horror</td><td>8.0</td><td>6021</td><td>1931</td></tr><tr><td>484</td><td>Young Frankenstein</td><td>Horror</td><td>8.0</td><td>23129</td><td>1974</td></tr><tr><td>485</td><td>Rosemary's Baby</td><td>Horror</td><td>8.0</td><td>11962</td><td>1968</td></tr><tr><td>486</td><td>Invasion of the Body Snatchers</td><td>Horror</td><td>8.0</td><td>5271</td><td>1956</td></tr><tr><td>487</td><td>The Exorcist</td><td>Horror</td><td>8.0</td><td>34963</td><td>1973</td></tr><tr><td>488</td><td>Shaun of the Dead</td><td>Horror</td><td>8.0</td><td>18350</td><td>2004</td></tr><tr><td>489</td><td>The Unknown</td><td>Horror</td><td>8.0</td><td>538</td><td>1927</td></tr><tr><td>490</td><td>The Birds</td><td>Horror</td><td>8.0</td><td>20008</td><td>1963</td></tr><tr><td>491</td><td>Repulsion</td><td>Horror</td><td>8.0</td><td>3283</td><td>1965</td></tr><tr><td>492</td><td>The Innocents</td><td>Horror</td><td>8.0</td><td>1542</td><td>1961</td></tr><tr><td>493</td><td>Batoru rowaiaru</td><td>Horror</td><td>8.0</td><td>12041</td><td>2000</td></tr><tr><td>494</td><td>Dead of Night</td><td>Horror</td><td>8.0</td><td>953</td><td>1945</td></tr><tr><td>495</td><td>The Invisible Man</td><td>Horror</td><td>8.0</td><td>2561</td><td>1933</td></tr><tr><td>496</td><td>The Others</td><td>Horror</td><td>8.0</td><td>37729</td><td>2001</td></tr><tr><td>497</td><td>Freaks</td><td>Horror</td><td>8.0</td><td>4116</td><td>1932</td></tr><tr><td>498</td><td>What Ever Happened to Baby Jane?</td><td>Horror</td><td>8.0</td><td>3962</td><td>1962</td></tr><tr><td>499</td><td>The Thing</td><td>Horror</td><td>8.0</td><td>17971</td><td>1982</td></tr><tr><td>500</td><td>Dawn of the Dead</td><td>Horror</td><td>8.0</td><td>12542</td><td>1978</td></tr><tr><td>501</td><td>The Uninvited</td><td>Horror</td><td>8.0</td><td>716</td><td>1944</td></tr><tr><td>502</td><td>Kaidan</td><td>Horror</td><td>8.0</td><td>894</td><td>1964</td></tr><tr><td>503</td><td>Halloween</td><td>Horror</td><td>8.0</td><td>19157</td><td>1978</td></tr><tr><td>504</td><td>Jubei ninpucho</td><td>Horror</td><td>8.0</td><td>4240</td><td>1993</td></tr><tr><td>505</td><td>Night of the Living Dead</td><td>Horror</td><td>8.0</td><td>11531</td><td>1968</td></tr><tr><td>506</td><td>Vargtimmen</td><td>Horror</td><td>8.0</td><td>704</td><td>1968</td></tr><tr><td>507</td><td>Dr. Jekyll and Mr. Hyde</td><td>Horror</td><td>8.0</td><td>1016</td><td>1931</td></tr><tr><td>508</td><td>Peeping Tom</td><td>Horror</td><td>8.0</td><td>2420</td><td>1960</td></tr><tr><td>509</td><td>The Picture of Dorian Gray</td><td>Horror</td><td>8.0</td><td>1448</td><td>1945</td></tr><tr><td>510</td><td>Evil Dead II</td><td>Horror</td><td>8.0</td><td>15695</td><td>1987</td></tr><tr><td>511</td><td>The Hound of the Baskervilles</td><td>Horror</td><td>8.0</td><td>925</td><td>1939</td></tr><tr><td>512</td><td>The Phantom of the Opera</td><td>Horror</td><td>8.0</td><td>1780</td><td>1925</td></tr><tr><td>513</td><td>Heavenly Creatures</td><td>Horror</td><td>8.0</td><td>12412</td><td>1994</td></tr><tr><td>514</td><td>Tesis</td><td>Horror</td><td>8.0</td><td>4054</td><td>1996</td></tr><tr><td>515</td><td>Vampyr - Der Traum des Allan Grey</td><td>Horror</td><td>8.0</td><td>837</td><td>1932</td></tr><tr><td>516</td><td>One Flew Over the Cuckoo's Nest</td><td>Independent</td><td>9.0</td><td>70784</td><td>1975</td></tr><tr><td>517</td><td>Pulp Fiction</td><td>Independent</td><td>9.0</td><td>132919</td><td>1994</td></tr><tr><td>518</td><td>The Usual Suspects</td><td>Independent</td><td>9.0</td><td>104307</td><td>1995</td></tr><tr><td>519</td><td>Dr. Strangelove or: How I Learned to Stop Worrying and Love the Bomb</td><td>Independent</td><td>9.0</td><td>64173</td><td>1964</td></tr><tr><td>520</td><td>Psycho</td><td>Independent</td><td>9.0</td><td>53779</td><td>1960</td></tr><tr><td>521</td><td>Memento</td><td>Independent</td><td>9.0</td><td>90917</td><td>2000</td></tr><tr><td>522</td><td>The Silence of the Lambs</td><td>Independent</td><td>9.0</td><td>92586</td><td>1991</td></tr><tr><td>523</td><td>Apocalypse Now</td><td>Independent</td><td>9.0</td><td>64552</td><td>1979</td></tr><tr><td>524</td><td>Eternal Sunshine of the Spotless Mind</td><td>Independent</td><td>8.0</td><td>46654</td><td>2004</td></tr><tr><td>525</td><td>Requiem for a Dream</td><td>Independent</td><td>8.0</td><td>47559</td><td>2000</td></tr><tr><td>526</td><td>Se7en</td><td>Independent</td><td>8.0</td><td>88827</td><td>1995</td></tr><tr><td>527</td><td>To Kill a Mockingbird</td><td>Independent</td><td>8.0</td><td>30979</td><td>1962</td></tr><tr><td>528</td><td>Monty Python and the Holy Grail</td><td>Independent</td><td>8.0</td><td>61157</td><td>1975</td></tr><tr><td>529</td><td>LÃ©on</td><td>Independent</td><td>8.0</td><td>52681</td><td>1994</td></tr><tr><td>530</td><td>Voyna i mir</td><td>Independent</td><td>8.0</td><td>414</td><td>1968</td></tr><tr><td>531</td><td>American History X</td><td>Independent</td><td>8.0</td><td>59385</td><td>1998</td></tr><tr><td>532</td><td>Amadeus</td><td>Independent</td><td>8.0</td><td>36831</td><td>1984</td></tr><tr><td>533</td><td>Before Sunset</td><td>Independent</td><td>8.0</td><td>8633</td><td>2004</td></tr><tr><td>534</td><td>Kill Bill: Vol. 1</td><td>Independent</td><td>8.0</td><td>65566</td><td>2003</td></tr><tr><td>535</td><td>Reservoir Dogs</td><td>Independent</td><td>8.0</td><td>69902</td><td>1992</td></tr><tr><td>536</td><td>Fargo</td><td>Independent</td><td>8.0</td><td>66356</td><td>1996</td></tr><tr><td>537</td><td>Campanadas a medianoche</td><td>Independent</td><td>8.0</td><td>460</td><td>1965</td></tr><tr><td>538</td><td>The Lion in Winter</td><td>Independent</td><td>8.0</td><td>5850</td><td>1968</td></tr><tr><td>539</td><td>The War Game</td><td>Independent</td><td>8.0</td><td>209</td><td>1965</td></tr><tr><td>540</td><td>Donnie Darko</td><td>Independent</td><td>8.0</td><td>52532</td><td>2001</td></tr><tr><td>541</td><td>Vozvrashcheniye</td><td>Independent</td><td>8.0</td><td>2095</td><td>2003</td></tr><tr><td>542</td><td>The Graduate</td><td>Independent</td><td>8.0</td><td>28454</td><td>1967</td></tr><tr><td>543</td><td>Sideways</td><td>Independent</td><td>8.0</td><td>16625</td><td>2004</td></tr><tr><td>544</td><td>A Man for All Seasons</td><td>Independent</td><td>8.0</td><td>4345</td><td>1966</td></tr><tr><td>545</td><td>Platoon</td><td>Independent</td><td>8.0</td><td>36018</td><td>1986</td></tr><tr><td>546</td><td>Amores perros</td><td>Independent</td><td>8.0</td><td>15987</td><td>2000</td></tr><tr><td>547</td><td>The Straight Story</td><td>Independent</td><td>8.0</td><td>15554</td><td>1999</td></tr><tr><td>548</td><td>The Terminator</td><td>Independent</td><td>8.0</td><td>60367</td><td>1984</td></tr><tr><td>549</td><td>Henry V</td><td>Independent</td><td>8.0</td><td>8215</td><td>1989</td></tr><tr><td>550</td><td>Magnolia</td><td>Independent</td><td>8.0</td><td>46715</td><td>1999</td></tr><tr><td>551</td><td>Crimes and Misdemeanors</td><td>Independent</td><td>8.0</td><td>7283</td><td>1989</td></tr><tr><td>552</td><td>Sling Blade</td><td>Independent</td><td>8.0</td><td>21246</td><td>1996</td></tr><tr><td>553</td><td>Lost in Translation</td><td>Independent</td><td>8.0</td><td>43078</td><td>2003</td></tr><tr><td>554</td><td>Trainspotting</td><td>Independent</td><td>8.0</td><td>52636</td><td>1996</td></tr><tr><td>555</td><td>Hannah and Her Sisters</td><td>Independent</td><td>8.0</td><td>7570</td><td>1986</td></tr><tr><td>556</td><td>Shaun of the Dead</td><td>Independent</td><td>8.0</td><td>18350</td><td>2004</td></tr><tr><td>557</td><td>You Can Count on Me</td><td>Independent</td><td>8.0</td><td>7614</td><td>2000</td></tr><tr><td>558</td><td>Mulholland Dr.</td><td>Independent</td><td>8.0</td><td>36252</td><td>2001</td></tr><tr><td>559</td><td>Being John Malkovich</td><td>Independent</td><td>8.0</td><td>55823</td><td>1999</td></tr><tr><td>560</td><td>The Big Lebowski</td><td>Independent</td><td>8.0</td><td>50951</td><td>1998</td></tr><tr><td>561</td><td>This Is Spinal Tap</td><td>Independent</td><td>8.0</td><td>21442</td><td>1984</td></tr><tr><td>562</td><td>Once Were Warriors</td><td>Independent</td><td>8.0</td><td>6223</td><td>1994</td></tr><tr><td>563</td><td>Papillon</td><td>Independent</td><td>8.0</td><td>9507</td><td>1973</td></tr><tr><td>564</td><td>Repulsion</td><td>Independent</td><td>8.0</td><td>3283</td><td>1965</td></tr><tr><td>565</td><td>Singin' in the Rain</td><td>Musical</td><td>9.0</td><td>20496</td><td>1952</td></tr><tr><td>566</td><td>The Wizard of Oz</td><td>Musical</td><td>8.0</td><td>38263</td><td>1939</td></tr><tr><td>567</td><td>Some Like It Hot</td><td>Musical</td><td>8.0</td><td>26211</td><td>1959</td></tr><tr><td>568</td><td>A Night at the Opera</td><td>Musical</td><td>8.0</td><td>5987</td><td>1935</td></tr><tr><td>569</td><td>Duck Soup</td><td>Musical</td><td>8.0</td><td>10835</td><td>1933</td></tr><tr><td>570</td><td>Gold Diggers of 1933</td><td>Musical</td><td>8.0</td><td>551</td><td>1933</td></tr><tr><td>571</td><td>Beauty and the Beast</td><td>Musical</td><td>8.0</td><td>25575</td><td>1991</td></tr><tr><td>572</td><td>Top Hat</td><td>Musical</td><td>8.0</td><td>2229</td><td>1935</td></tr><tr><td>573</td><td>My Fair Lady</td><td>Musical</td><td>8.0</td><td>12684</td><td>1964</td></tr><tr><td>574</td><td>The Nightmare Before Christmas</td><td>Musical</td><td>8.0</td><td>19559</td><td>1993</td></tr><tr><td>575</td><td>West Side Story</td><td>Musical</td><td>8.0</td><td>12889</td><td>1961</td></tr><tr><td>576</td><td>The Lion King</td><td>Musical</td><td>8.0</td><td>32785</td><td>1994</td></tr><tr><td>577</td><td>The Court Jester</td><td>Musical</td><td>8.0</td><td>2406</td><td>1956</td></tr><tr><td>578</td><td>Dancer in the Dark</td><td>Musical</td><td>8.0</td><td>15639</td><td>2000</td></tr><tr><td>579</td><td>Snow White and the Seven Dwarfs</td><td>Musical</td><td>8.0</td><td>15280</td><td>1937</td></tr><tr><td>580</td><td>Swing Time</td><td>Musical</td><td>8.0</td><td>1129</td><td>1936</td></tr><tr><td>581</td><td>Pinocchio</td><td>Musical</td><td>8.0</td><td>6770</td><td>1940</td></tr><tr><td>582</td><td>The Blues Brothers</td><td>Musical</td><td>8.0</td><td>28879</td><td>1980</td></tr><tr><td>583</td><td>On the Town</td><td>Musical</td><td>8.0</td><td>1883</td><td>1949</td></tr><tr><td>584</td><td>Moulin Rouge!</td><td>Musical</td><td>8.0</td><td>47516</td><td>2001</td></tr><tr><td>585</td><td>A Star Is Born</td><td>Musical</td><td>8.0</td><td>1847</td><td>1954</td></tr><tr><td>586</td><td>Mary Poppins</td><td>Musical</td><td>8.0</td><td>13849</td><td>1964</td></tr><tr><td>587</td><td>Meet Me in St. Louis</td><td>Musical</td><td>8.0</td><td>2466</td><td>1944</td></tr><tr><td>588</td><td>The Sound of Music</td><td>Musical</td><td>8.0</td><td>21570</td><td>1965</td></tr><tr><td>589</td><td>Une femme est une femme</td><td>Musical</td><td>8.0</td><td>691</td><td>1961</td></tr><tr><td>590</td><td>Fiddler on the Roof</td><td>Musical</td><td>8.0</td><td>5863</td><td>1971</td></tr><tr><td>591</td><td>O Lucky Man!</td><td>Musical</td><td>8.0</td><td>1166</td><td>1973</td></tr><tr><td>592</td><td>Cabaret</td><td>Musical</td><td>8.0</td><td>8131</td><td>1972</td></tr><tr><td>593</td><td>Aladdin</td><td>Musical</td><td>8.0</td><td>22418</td><td>1992</td></tr><tr><td>594</td><td>Waiting for Guffman</td><td>Musical</td><td>8.0</td><td>7316</td><td>1996</td></tr><tr><td>595</td><td>A Day at the Races</td><td>Musical</td><td>8.0</td><td>2436</td><td>1937</td></tr><tr><td>596</td><td>The Many Adventures of Winnie the Pooh</td><td>Musical</td><td>8.0</td><td>1622</td><td>1977</td></tr><tr><td>597</td><td>The Gay Divorcee</td><td>Musical</td><td>8.0</td><td>711</td><td>1934</td></tr><tr><td>598</td><td>The Music Man</td><td>Musical</td><td>8.0</td><td>3935</td><td>1962</td></tr><tr><td>599</td><td>Shall We Dance</td><td>Musical</td><td>8.0</td><td>601</td><td>1937</td></tr><tr><td>600</td><td>South Park: Bigger Longer and Uncut</td><td>Musical</td><td>8.0</td><td>34071</td><td>1999</td></tr><tr><td>601</td><td>The Band Wagon</td><td>Musical</td><td>8.0</td><td>1195</td><td>1953</td></tr><tr><td>602</td><td>Chicago</td><td>Musical</td><td>7.0</td><td>34774</td><td>2002</td></tr><tr><td>603</td><td>The Jungle Book</td><td>Musical</td><td>7.0</td><td>8995</td><td>1967</td></tr><tr><td>604</td><td>All That Jazz</td><td>Musical</td><td>7.0</td><td>3880</td><td>1979</td></tr><tr><td>605</td><td>42nd Street</td><td>Musical</td><td>7.0</td><td>1238</td><td>1933</td></tr><tr><td>606</td><td>Willy Wonka and the Chocolate Factory</td><td>Musical</td><td>7.0</td><td>17401</td><td>1971</td></tr><tr><td>607</td><td>The King and I</td><td>Musical</td><td>7.0</td><td>3674</td><td>1956</td></tr><tr><td>608</td><td>An American in Paris</td><td>Musical</td><td>7.0</td><td>3718</td><td>1951</td></tr><tr><td>609</td><td>San Francisco</td><td>Musical</td><td>7.0</td><td>676</td><td>1936</td></tr><tr><td>610</td><td>Chunhyang</td><td>Musical</td><td>7.0</td><td>505</td><td>2000</td></tr><tr><td>611</td><td>Holiday Inn</td><td>Musical</td><td>7.0</td><td>1236</td><td>1942</td></tr><tr><td>612</td><td>Lady and the Tramp</td><td>Musical</td><td>7.0</td><td>6923</td><td>1955</td></tr><tr><td>613</td><td>Citizen Kane</td><td>Mystery</td><td>9.0</td><td>61666</td><td>1941</td></tr><tr><td>614</td><td>The Usual Suspects</td><td>Mystery</td><td>9.0</td><td>104307</td><td>1995</td></tr><tr><td>615</td><td>Rear Window</td><td>Mystery</td><td>9.0</td><td>41834</td><td>1954</td></tr><tr><td>616</td><td>Memento</td><td>Mystery</td><td>9.0</td><td>90917</td><td>2000</td></tr><tr><td>617</td><td>North by Northwest</td><td>Mystery</td><td>9.0</td><td>36472</td><td>1959</td></tr><tr><td>618</td><td>The Third Man</td><td>Mystery</td><td>9.0</td><td>18333</td><td>1949</td></tr><tr><td>619</td><td>Rashomon</td><td>Mystery</td><td>9.0</td><td>11576</td><td>1950</td></tr><tr><td>620</td><td>The Maltese Falcon</td><td>Mystery</td><td>8.0</td><td>19393</td><td>1941</td></tr><tr><td>621</td><td>Vertigo</td><td>Mystery</td><td>8.0</td><td>34695</td><td>1958</td></tr><tr><td>622</td><td>Se7en</td><td>Mystery</td><td>8.0</td><td>88827</td><td>1995</td></tr><tr><td>623</td><td>Oldboy</td><td>Mystery</td><td>8.0</td><td>8719</td><td>2003</td></tr><tr><td>624</td><td>Chinatown</td><td>Mystery</td><td>8.0</td><td>26537</td><td>1974</td></tr><tr><td>625</td><td>L.A. Confidential</td><td>Mystery</td><td>8.0</td><td>70348</td><td>1997</td></tr><tr><td>626</td><td>Witness for the Prosecution</td><td>Mystery</td><td>8.0</td><td>5089</td><td>1957</td></tr><tr><td>627</td><td>Reservoir Dogs</td><td>Mystery</td><td>8.0</td><td>69902</td><td>1992</td></tr><tr><td>628</td><td>Fanny och Alexander</td><td>Mystery</td><td>8.0</td><td>4331</td><td>1982</td></tr><tr><td>629</td><td>Laura</td><td>Mystery</td><td>8.0</td><td>4603</td><td>1944</td></tr><tr><td>630</td><td>Donnie Darko</td><td>Mystery</td><td>8.0</td><td>52532</td><td>2001</td></tr><tr><td>631</td><td>The Sixth Sense</td><td>Mystery</td><td>8.0</td><td>97657</td><td>1999</td></tr><tr><td>632</td><td>Charade</td><td>Mystery</td><td>8.0</td><td>9014</td><td>1963</td></tr><tr><td>633</td><td>The Thin Man</td><td>Mystery</td><td>8.0</td><td>4739</td><td>1934</td></tr><tr><td>634</td><td>Rebecca</td><td>Mystery</td><td>8.0</td><td>12349</td><td>1940</td></tr><tr><td>635</td><td>Sleuth</td><td>Mystery</td><td>8.0</td><td>4785</td><td>1972</td></tr><tr><td>636</td><td>The Big Sleep</td><td>Mystery</td><td>8.0</td><td>10940</td><td>1946</td></tr><tr><td>637</td><td>The Lady Vanishes</td><td>Mystery</td><td>8.0</td><td>4402</td><td>1938</td></tr><tr><td>638</td><td>Anatomy of a Murder</td><td>Mystery</td><td>8.0</td><td>3885</td><td>1959</td></tr><tr><td>639</td><td>The 39 Steps</td><td>Mystery</td><td>8.0</td><td>7898</td><td>1935</td></tr><tr><td>640</td><td>In the Heat of the Night</td><td>Mystery</td><td>8.0</td><td>6727</td><td>1967</td></tr><tr><td>641</td><td>Z</td><td>Mystery</td><td>8.0</td><td>2476</td><td>1969</td></tr><tr><td>642</td><td>Mystic River</td><td>Mystery</td><td>8.0</td><td>29718</td><td>2003</td></tr><tr><td>643</td><td>The Conversation</td><td>Mystery</td><td>8.0</td><td>11160</td><td>1974</td></tr><tr><td>644</td><td>Mulholland Dr.</td><td>Mystery</td><td>8.0</td><td>36252</td><td>2001</td></tr><tr><td>645</td><td>The Big Lebowski</td><td>Mystery</td><td>8.0</td><td>50951</td><td>1998</td></tr><tr><td>646</td><td>A Beautiful Mind</td><td>Mystery</td><td>8.0</td><td>43127</td><td>2001</td></tr><tr><td>647</td><td>Dogville</td><td>Mystery</td><td>8.0</td><td>15149</td><td>2003</td></tr><tr><td>648</td><td>JFK</td><td>Mystery</td><td>8.0</td><td>26808</td><td>1991</td></tr><tr><td>649</td><td>Dead of Night</td><td>Mystery</td><td>8.0</td><td>953</td><td>1945</td></tr><tr><td>650</td><td>Un long dimanche de fiancailles</td><td>Mystery</td><td>8.0</td><td>4991</td><td>2004</td></tr><tr><td>651</td><td>Mildred Pierce</td><td>Mystery</td><td>8.0</td><td>2329</td><td>1945</td></tr><tr><td>652</td><td>Minority Report</td><td>Mystery</td><td>8.0</td><td>52014</td><td>2002</td></tr><tr><td>653</td><td>Lost Horizon</td><td>Mystery</td><td>8.0</td><td>2098</td><td>1937</td></tr><tr><td>654</td><td>And Then There Were None</td><td>Mystery</td><td>8.0</td><td>1469</td><td>1945</td></tr><tr><td>655</td><td>Blue Velvet</td><td>Mystery</td><td>8.0</td><td>18684</td><td>1986</td></tr><tr><td>656</td><td>Chong qing sen lin</td><td>Mystery</td><td>8.0</td><td>4793</td><td>1994</td></tr><tr><td>657</td><td>In a Lonely Place</td><td>Mystery</td><td>8.0</td><td>1450</td><td>1950</td></tr><tr><td>658</td><td>Io non ho paura</td><td>Mystery</td><td>8.0</td><td>1717</td><td>2003</td></tr><tr><td>659</td><td>Casablanca</td><td>Romance</td><td>9.0</td><td>66617</td><td>1942</td></tr><tr><td>660</td><td>Singin' in the Rain</td><td>Romance</td><td>9.0</td><td>20496</td><td>1952</td></tr><tr><td>661</td><td>It's a Wonderful Life</td><td>Romance</td><td>8.0</td><td>42026</td><td>1946</td></tr><tr><td>662</td><td>City Lights</td><td>Romance</td><td>8.0</td><td>7773</td><td>1931</td></tr><tr><td>663</td><td>Eternal Sunshine of the Spotless Mind</td><td>Romance</td><td>8.0</td><td>46654</td><td>2004</td></tr><tr><td>664</td><td>Sunrise: A Song of Two Humans</td><td>Romance</td><td>8.0</td><td>2639</td><td>1927</td></tr><tr><td>665</td><td>Vertigo</td><td>Romance</td><td>8.0</td><td>34695</td><td>1958</td></tr><tr><td>666</td><td>On the Waterfront</td><td>Romance</td><td>8.0</td><td>12746</td><td>1954</td></tr><tr><td>667</td><td>The Apartment</td><td>Romance</td><td>8.0</td><td>11165</td><td>1960</td></tr><tr><td>668</td><td>Some Like It Hot</td><td>Romance</td><td>8.0</td><td>26211</td><td>1959</td></tr><tr><td>669</td><td>Before Sunset</td><td>Romance</td><td>8.0</td><td>8633</td><td>2004</td></tr><tr><td>670</td><td>It Happened One Night</td><td>Romance</td><td>8.0</td><td>7902</td><td>1934</td></tr><tr><td>671</td><td>Annie Hall</td><td>Romance</td><td>8.0</td><td>21377</td><td>1977</td></tr><tr><td>672</td><td>Brief Encounter</td><td>Romance</td><td>8.0</td><td>2567</td><td>1945</td></tr><tr><td>673</td><td>Sullivan's Travels</td><td>Romance</td><td>8.0</td><td>2877</td><td>1941</td></tr><tr><td>674</td><td>The Philadelphia Story</td><td>Romance</td><td>8.0</td><td>10498</td><td>1940</td></tr><tr><td>675</td><td>Wo hu cang long</td><td>Romance</td><td>8.0</td><td>52043</td><td>2000</td></tr><tr><td>676</td><td>His Girl Friday</td><td>Romance</td><td>8.0</td><td>6642</td><td>1940</td></tr><tr><td>677</td><td>The Adventures of Robin Hood</td><td>Romance</td><td>8.0</td><td>7330</td><td>1938</td></tr><tr><td>678</td><td>Laura</td><td>Romance</td><td>8.0</td><td>4603</td><td>1944</td></tr><tr><td>679</td><td>The Princess Bride</td><td>Romance</td><td>8.0</td><td>54593</td><td>1987</td></tr><tr><td>680</td><td>A Night at the Opera</td><td>Romance</td><td>8.0</td><td>5987</td><td>1935</td></tr><tr><td>681</td><td>Safety Last!</td><td>Romance</td><td>8.0</td><td>753</td><td>1923</td></tr><tr><td>682</td><td>Dodsworth</td><td>Romance</td><td>8.0</td><td>636</td><td>1936</td></tr><tr><td>683</td><td>The General</td><td>Romance</td><td>8.0</td><td>7619</td><td>1927</td></tr><tr><td>684</td><td>Charade</td><td>Romance</td><td>8.0</td><td>9014</td><td>1963</td></tr><tr><td>685</td><td>The Life and Death of Colonel Blimp</td><td>Romance</td><td>8.0</td><td>1052</td><td>1943</td></tr><tr><td>686</td><td>Yeopgijeogin geunyeo</td><td>Romance</td><td>8.0</td><td>2419</td><td>2001</td></tr><tr><td>687</td><td>The Thin Man</td><td>Romance</td><td>8.0</td><td>4739</td><td>1934</td></tr><tr><td>688</td><td>Oasis</td><td>Romance</td><td>8.0</td><td>580</td><td>2002</td></tr><tr><td>689</td><td>Pepe le Moko</td><td>Romance</td><td>8.0</td><td>578</td><td>1937</td></tr><tr><td>690</td><td>Rebecca</td><td>Romance</td><td>8.0</td><td>12349</td><td>1940</td></tr><tr><td>691</td><td>The Best Years of Our Lives</td><td>Romance</td><td>8.0</td><td>7112</td><td>1946</td></tr><tr><td>692</td><td>Notorious</td><td>Romance</td><td>8.0</td><td>11588</td><td>1946</td></tr><tr><td>693</td><td>A Matter of Life and Death</td><td>Romance</td><td>8.0</td><td>2085</td><td>1946</td></tr><tr><td>694</td><td>Trouble in Paradise</td><td>Romance</td><td>8.0</td><td>1301</td><td>1932</td></tr><tr><td>695</td><td>The Graduate</td><td>Romance</td><td>8.0</td><td>28454</td><td>1967</td></tr><tr><td>696</td><td>Stagecoach</td><td>Romance</td><td>8.0</td><td>5619</td><td>1939</td></tr><tr><td>697</td><td>The Red Shoes</td><td>Romance</td><td>8.0</td><td>2033</td><td>1948</td></tr><tr><td>698</td><td>The Lady Eve</td><td>Romance</td><td>8.0</td><td>2123</td><td>1941</td></tr><tr><td>699</td><td>Lola rennt</td><td>Romance</td><td>8.0</td><td>33657</td><td>1998</td></tr><tr><td>700</td><td>Rio Bravo</td><td>Romance</td><td>8.0</td><td>7157</td><td>1959</td></tr><tr><td>701</td><td>My Man Godfrey</td><td>Romance</td><td>8.0</td><td>2382</td><td>1936</td></tr><tr><td>702</td><td>The Shop Around the Corner</td><td>Romance</td><td>8.0</td><td>2873</td><td>1940</td></tr><tr><td>703</td><td>Ben-Hur</td><td>Romance</td><td>8.0</td><td>21956</td><td>1959</td></tr><tr><td>704</td><td>Manhattan</td><td>Romance</td><td>8.0</td><td>13330</td><td>1979</td></tr><tr><td>705</td><td>The African Queen</td><td>Romance</td><td>8.0</td><td>14727</td><td>1951</td></tr><tr><td>706</td><td>Star Wars</td><td>Sci-Fi</td><td>9.0</td><td>135001</td><td>1977</td></tr><tr><td>707</td><td>Star Wars: Episode V - The Empire Strikes Back</td><td>Sci-Fi</td><td>9.0</td><td>104167</td><td>1980</td></tr><tr><td>708</td><td>The Matrix</td><td>Sci-Fi</td><td>8.0</td><td>143322</td><td>1999</td></tr><tr><td>709</td><td>Eternal Sunshine of the Spotless Mind</td><td>Sci-Fi</td><td>8.0</td><td>46654</td><td>2004</td></tr><tr><td>710</td><td>The Manchurian Candidate</td><td>Sci-Fi</td><td>8.0</td><td>14177</td><td>1962</td></tr><tr><td>711</td><td>Metropolis</td><td>Sci-Fi</td><td>8.0</td><td>11926</td><td>1927</td></tr><tr><td>712</td><td>Alien</td><td>Sci-Fi</td><td>8.0</td><td>63166</td><td>1979</td></tr><tr><td>713</td><td>Kin-Dza-Dza</td><td>Sci-Fi</td><td>8.0</td><td>785</td><td>1986</td></tr><tr><td>714</td><td>The Incredibles</td><td>Sci-Fi</td><td>8.0</td><td>30189</td><td>2004</td></tr><tr><td>715</td><td>Aliens</td><td>Sci-Fi</td><td>8.0</td><td>64570</td><td>1986</td></tr><tr><td>716</td><td>A Clockwork Orange</td><td>Sci-Fi</td><td>8.0</td><td>65951</td><td>1971</td></tr><tr><td>717</td><td>2001: A Space Odyssey</td><td>Sci-Fi</td><td>8.0</td><td>65736</td><td>1968</td></tr><tr><td>718</td><td>Blade Runner</td><td>Sci-Fi</td><td>8.0</td><td>75479</td><td>1982</td></tr><tr><td>719</td><td>Donnie Darko</td><td>Sci-Fi</td><td>8.0</td><td>52532</td><td>2001</td></tr><tr><td>720</td><td>Terminator 2: Judgment Day</td><td>Sci-Fi</td><td>8.0</td><td>78340</td><td>1991</td></tr><tr><td>721</td><td>Bride of Frankenstein</td><td>Sci-Fi</td><td>8.0</td><td>4707</td><td>1935</td></tr><tr><td>722</td><td>Back to the Future</td><td>Sci-Fi</td><td>8.0</td><td>69387</td><td>1985</td></tr><tr><td>723</td><td>Star Wars: Episode VI - Return of the Jedi</td><td>Sci-Fi</td><td>8.0</td><td>83007</td><td>1983</td></tr><tr><td>724</td><td>King Kong</td><td>Sci-Fi</td><td>8.0</td><td>10262</td><td>1933</td></tr><tr><td>725</td><td>Frankenstein</td><td>Sci-Fi</td><td>8.0</td><td>6021</td><td>1931</td></tr><tr><td>726</td><td>Young Frankenstein</td><td>Sci-Fi</td><td>8.0</td><td>23129</td><td>1974</td></tr><tr><td>727</td><td>The Terminator</td><td>Sci-Fi</td><td>8.0</td><td>60367</td><td>1984</td></tr><tr><td>728</td><td>Hauru no ugoku shiro</td><td>Sci-Fi</td><td>8.0</td><td>859</td><td>2004</td></tr><tr><td>729</td><td>Kaze no tani no Naushika</td><td>Sci-Fi</td><td>8.0</td><td>3279</td><td>1984</td></tr><tr><td>730</td><td>Twelve Monkeys</td><td>Sci-Fi</td><td>8.0</td><td>63029</td><td>1995</td></tr><tr><td>731</td><td>Brazil</td><td>Sci-Fi</td><td>8.0</td><td>31574</td><td>1985</td></tr><tr><td>732</td><td>The Day the Earth Stood Still</td><td>Sci-Fi</td><td>8.0</td><td>11058</td><td>1951</td></tr><tr><td>733</td><td>Invasion of the Body Snatchers</td><td>Sci-Fi</td><td>8.0</td><td>5271</td><td>1956</td></tr><tr><td>734</td><td>Siworae</td><td>Sci-Fi</td><td>8.0</td><td>583</td><td>2000</td></tr><tr><td>735</td><td>The Iron Giant</td><td>Sci-Fi</td><td>8.0</td><td>15104</td><td>1999</td></tr><tr><td>736</td><td>Fail-Safe</td><td>Sci-Fi</td><td>8.0</td><td>3163</td><td>1964</td></tr><tr><td>737</td><td>Memories</td><td>Sci-Fi</td><td>8.0</td><td>791</td><td>1995</td></tr><tr><td>738</td><td>Planet of the Apes</td><td>Sci-Fi</td><td>8.0</td><td>21454</td><td>1968</td></tr><tr><td>739</td><td>Close Encounters of the Third Kind</td><td>Sci-Fi</td><td>8.0</td><td>26243</td><td>1977</td></tr><tr><td>740</td><td>Spider-Man 2</td><td>Sci-Fi</td><td>8.0</td><td>40934</td><td>2004</td></tr><tr><td>741</td><td>The Invisible Man</td><td>Sci-Fi</td><td>8.0</td><td>2561</td><td>1933</td></tr><tr><td>742</td><td>Delicatessen</td><td>Sci-Fi</td><td>8.0</td><td>11454</td><td>1991</td></tr><tr><td>743</td><td>X2</td><td>Sci-Fi</td><td>8.0</td><td>39021</td><td>2003</td></tr><tr><td>744</td><td>E.T. the Extra-Terrestrial</td><td>Sci-Fi</td><td>8.0</td><td>45047</td><td>1982</td></tr><tr><td>745</td><td>Minority Report</td><td>Sci-Fi</td><td>8.0</td><td>52014</td><td>2002</td></tr><tr><td>746</td><td>Lost Horizon</td><td>Sci-Fi</td><td>8.0</td><td>2098</td><td>1937</td></tr><tr><td>747</td><td>The Thing</td><td>Sci-Fi</td><td>8.0</td><td>17971</td><td>1982</td></tr><tr><td>748</td><td>The Truman Show</td><td>Sci-Fi</td><td>8.0</td><td>63242</td><td>1998</td></tr><tr><td>749</td><td>Forbidden Planet</td><td>Sci-Fi</td><td>8.0</td><td>6722</td><td>1956</td></tr><tr><td>750</td><td>Akira</td><td>Sci-Fi</td><td>8.0</td><td>14776</td><td>1988</td></tr><tr><td>751</td><td>Night of the Living Dead</td><td>Sci-Fi</td><td>8.0</td><td>11531</td><td>1968</td></tr><tr><td>752</td><td>Kokaku kidotai</td><td>Sci-Fi</td><td>8.0</td><td>9609</td><td>1995</td></tr><tr><td>753</td><td>The Incredible Shrinking Man</td><td>Sci-Fi</td><td>8.0</td><td>1539</td><td>1957</td></tr><tr><td>754</td><td>Cidade de Deus</td><td>Thriller</td><td>9.0</td><td>25711</td><td>2002</td></tr><tr><td>755</td><td>The Usual Suspects</td><td>Thriller</td><td>9.0</td><td>104307</td><td>1995</td></tr><tr><td>756</td><td>Rear Window</td><td>Thriller</td><td>9.0</td><td>41834</td><td>1954</td></tr><tr><td>757</td><td>Psycho</td><td>Thriller</td><td>9.0</td><td>53779</td><td>1960</td></tr><tr><td>758</td><td>Memento</td><td>Thriller</td><td>9.0</td><td>90917</td><td>2000</td></tr><tr><td>759</td><td>The Silence of the Lambs</td><td>Thriller</td><td>9.0</td><td>92586</td><td>1991</td></tr><tr><td>760</td><td>North by Northwest</td><td>Thriller</td><td>9.0</td><td>36472</td><td>1959</td></tr><tr><td>761</td><td>The Third Man</td><td>Thriller</td><td>9.0</td><td>18333</td><td>1949</td></tr><tr><td>762</td><td>Rashomon</td><td>Thriller</td><td>9.0</td><td>11576</td><td>1950</td></tr><tr><td>763</td><td>M</td><td>Thriller</td><td>9.0</td><td>11995</td><td>1931</td></tr><tr><td>764</td><td>The Matrix</td><td>Thriller</td><td>8.0</td><td>143322</td><td>1999</td></tr><tr><td>765</td><td>Fight Club</td><td>Thriller</td><td>8.0</td><td>112364</td><td>1999</td></tr><tr><td>766</td><td>Vertigo</td><td>Thriller</td><td>8.0</td><td>34695</td><td>1958</td></tr><tr><td>767</td><td>The Manchurian Candidate</td><td>Thriller</td><td>8.0</td><td>14177</td><td>1962</td></tr><tr><td>768</td><td>Touch of Evil</td><td>Thriller</td><td>8.0</td><td>11710</td><td>1958</td></tr><tr><td>769</td><td>Se7en</td><td>Thriller</td><td>8.0</td><td>88827</td><td>1995</td></tr><tr><td>770</td><td>Taxi Driver</td><td>Thriller</td><td>8.0</td><td>48619</td><td>1976</td></tr><tr><td>771</td><td>Leon</td><td>Thriller</td><td>8.0</td><td>52681</td><td>1994</td></tr><tr><td>772</td><td>Oldboy</td><td>Thriller</td><td>8.0</td><td>8719</td><td>2003</td></tr><tr><td>773</td><td>Yojimbo</td><td>Thriller</td><td>8.0</td><td>8921</td><td>1961</td></tr><tr><td>774</td><td>Alien</td><td>Thriller</td><td>8.0</td><td>63166</td><td>1979</td></tr><tr><td>775</td><td>High Noon</td><td>Thriller</td><td>8.0</td><td>12420</td><td>1952</td></tr><tr><td>776</td><td>Faust</td><td>Thriller</td><td>8.0</td><td>722</td><td>1926</td></tr><tr><td>777</td><td>L.A. Confidential</td><td>Thriller</td><td>8.0</td><td>70348</td><td>1997</td></tr><tr><td>778</td><td>The Shining</td><td>Thriller</td><td>8.0</td><td>50693</td><td>1980</td></tr><tr><td>779</td><td>Witness for the Prosecution</td><td>Thriller</td><td>8.0</td><td>5089</td><td>1957</td></tr><tr><td>780</td><td>Jaws</td><td>Thriller</td><td>8.0</td><td>46817</td><td>1975</td></tr><tr><td>781</td><td>Aliens</td><td>Thriller</td><td>8.0</td><td>64570</td><td>1986</td></tr><tr><td>782</td><td>Kill Bill: Vol. 1</td><td>Thriller</td><td>8.0</td><td>65566</td><td>2003</td></tr><tr><td>783</td><td>A Clockwork Orange</td><td>Thriller</td><td>8.0</td><td>65951</td><td>1971</td></tr><tr><td>784</td><td>Reservoir Dogs</td><td>Thriller</td><td>8.0</td><td>69902</td><td>1992</td></tr><tr><td>785</td><td>The Night of the Hunter</td><td>Thriller</td><td>8.0</td><td>7511</td><td>1955</td></tr><tr><td>786</td><td>Strangers on a Train</td><td>Thriller</td><td>8.0</td><td>11583</td><td>1951</td></tr><tr><td>787</td><td>Sin City</td><td>Thriller</td><td>8.0</td><td>22697</td><td>2005</td></tr><tr><td>788</td><td>Fargo</td><td>Thriller</td><td>8.0</td><td>66356</td><td>1996</td></tr><tr><td>789</td><td>Kill Bill: Vol. 2</td><td>Thriller</td><td>8.0</td><td>44831</td><td>2004</td></tr><tr><td>790</td><td>Shadow of a Doubt</td><td>Thriller</td><td>8.0</td><td>5659</td><td>1943</td></tr><tr><td>791</td><td>Kumonosu jo</td><td>Thriller</td><td>8.0</td><td>3309</td><td>1957</td></tr><tr><td>792</td><td>The Killing</td><td>Thriller</td><td>8.0</td><td>6938</td><td>1956</td></tr><tr><td>793</td><td>Blade Runner</td><td>Thriller</td><td>8.0</td><td>75479</td><td>1982</td></tr><tr><td>794</td><td>Donnie Darko</td><td>Thriller</td><td>8.0</td><td>52532</td><td>2001</td></tr><tr><td>795</td><td>The Sixth Sense</td><td>Thriller</td><td>8.0</td><td>97657</td><td>1999</td></tr><tr><td>796</td><td>Charade</td><td>Thriller</td><td>8.0</td><td>9014</td><td>1963</td></tr><tr><td>797</td><td>Terminator 2: Judgment Day</td><td>Thriller</td><td>8.0</td><td>78340</td><td>1991</td></tr><tr><td>798</td><td>Out of the Past</td><td>Thriller</td><td>8.0</td><td>2528</td><td>1947</td></tr><tr><td>799</td><td>Rebecca</td><td>Thriller</td><td>8.0</td><td>12349</td><td>1940</td></tr><tr><td>800</td><td>Notorious</td><td>Thriller</td><td>8.0</td><td>11588</td><td>1946</td></tr>
    </rows>
    <rowcount>892</rowcount>
  </response>
</ajax-response>

