<?xml version="1.0"?>

<hibernate-mapping xmlns="urn:nhibernate-mapping-2.2">
    <class name="CchenSoft.Workflow.Spi.Hibernate.HibernateWorkflowEntry, CchenSoft.Workflow" table="wf_WorkflowEntry" lazy="false">
        <id name="Id" column="id"  unsaved-value="-1">
            <generator class="native"/>
        </id>

		    <version name="Version" column="version"/>

        <property name="WorkflowName" column="name"/>
        <property name="State" column="state"/>

        <bag name="CurrentSteps" cascade="all-delete-orphan" lazy="true" inverse="true">
            <key column="entry_Id"/>
            <!-- index column="stepIndex"/-->
            <one-to-many class="CchenSoft.Workflow.Spi.Hibernate.HibernateCurrentStep, CchenSoft.Workflow"/>
        </bag>

        <bag name="HistorySteps" cascade="all" lazy="true" inverse="true">
            <key column="entry_Id"/>
            <!-- index column="stepIndex"/-->
            <one-to-many class="CchenSoft.Workflow.Spi.Hibernate.HibernateHistoryStep, CchenSoft.Workflow"/>
        </bag>

    </class>
</hibernate-mapping>
