<?xml version="1.0"?>

<hibernate-mapping xmlns="urn:nhibernate-mapping-2.2">
  <class name="CchenSoft.Workflow.Spi.Hibernate.HibernateHistoryStep, CchenSoft.Workflow" table="wf_HistoryStep" lazy="false">
    <id name="Id" column="id" unsaved-value="-1">
      <generator class="native"/>
    </id>
    <property name="ActionId" column="action_Id"/>
    <property name="Caller" column="caller"/>
    <property name="FinishDate" column="finish_Date"/>
    <property name="StartDate" column="start_Date"/>
    <property name="DueDate" column="due_Date"/>
    <property name="Owner" column="owner"/>
    <property name="Status" column="status"/>
    <property name="StepId" column="step_Id"/>
    <property name="AppendText" column="append_text"/>

    <many-to-one name="Entry" class="CchenSoft.Workflow.Spi.Hibernate.HibernateWorkflowEntry, CchenSoft.Workflow" column="entry_Id" cascade="none"/>
  </class>
</hibernate-mapping>
