<?xml version="1.0" encoding="utf-8" ?>
<hibernate-configuration  xmlns="urn:nhibernate-configuration-2.2" >
	<session-factory name="NHibernate.Test">
		<!-- properties -->
		<property name="connection.provider">NHibernate.Connection.DriverConnectionProvider</property>
		<property name="connection.driver_class">NHibernate.Driver.OleDbDriver</property>
		<!--
		<property name="connection.connection_string">Provider=Microsoft.Jet.OLEDB.4.0;Data Source=E:\projects\NHibernateDemo2005v0.1\App_Data\main.mdb</property>
		-->
		<property name="show_sql">false</property>
		<property name="dialect">NHibernate.JetDriver.JetDialect, NHibernate.JetDriver</property>
		<property name="use_outer_join">true</property>		
		
	</session-factory>
	
</hibernate-configuration>
