<?xml version="1.0" encoding="utf-8" ?> 
<sqlMap xmlns:xsi="http://www.w3.org/2001/XMLSchema-instance" xmlns="http://ibatis.apache.org/mapping" namespace="Business">
<!-- XML "behind" document for the info service class. -->

	<alias>
		<typeAlias alias="Article" type="CchenSoft.Portal.CMS.Model.Article, CchenSoft.Portal.CMS" />
		<typeAlias alias="ArticleStructure" type="CchenSoft.Portal.CMS.Model.ArticleStructure, CchenSoft.Portal.CMS" />
	</alias>
	
	<resultMaps>
	
		<resultMap id="ArticleResult" class="Article">
		    <result property="ArticleId" column="article_id"/>
		    <result property="Title" column="title" />
		    <result property="Content" column="content" />
			<result property="UserId" column="user_id" />
		    <result property="AddDate" column="add_date" />
			<result property="StructureId" column="structure_id" />
		</resultMap>

		<resultMap id="ArticleStructureResult" class="ArticleStructure">
			<result property="StructureId" column="structure_id" />
			<result property="Name" column="name" />
			<result property="StructureFile" column="structure_file" />
		</resultMap>
		
	</resultMaps>
	
	<statements>

		<select id="GetArticleCount" resultClass="int">
			select count(*) from portal_cms_articles
		</select>

		<select id="SelectArticle" resultMap="ArticleResult">
			select * from portal_cms_articles
			<dynamic prepend="WHERE">
				<isParameterPresent>
					article_id = #value#
				</isParameterPresent>
			</dynamic>
		</select>

		<select id="FindArticles" resultMap="ArticleResult">
			select * from portal_cms_articles
			<dynamic prepend="WHERE">
				<isNotEmpty>
					title like #value#
				</isNotEmpty>
			</dynamic>
		</select>

		<insert id="InsertArticle" parameterClass="Article">
			insert into portal_cms_articles (title, content, user_id, add_date, structure_id)
			values (#Title#, #Content#, #UserId#, #AddDate#, #StructureId#)
			<selectKey property="ArticleId" resultClass="int" type="post">
				select @@Identity as ArticleId
			</selectKey>
		</insert>

		<select id="GetArticleStructures" resultMap="ArticleStructureResult">
			select * from portal_cms_article_structures
		</select>

		<update id="UpdateArticle" parameterClass="Article">
			update portal_cms_articles set
			title = #Title#,
			content = #Content#,
			structure_id = #StructureId#
			where article_id = #ArticleId#
		</update>
		
	</statements>
</sqlMap>