<?xml version="1.0" encoding="utf-8" ?> 
<sqlMap xmlns:xsi="http://www.w3.org/2001/XMLSchema-instance" xmlns="http://ibatis.apache.org/mapping" namespace="Business">
<!-- XML "behind" document for the info service class. -->

	<alias>
		<typeAlias alias="Document" type="CchenSoft.Portal.CMS.Model.Document, CchenSoft.Portal.CMS" />
		<typeAlias alias="Folder" type="CchenSoft.Portal.CMS.Model.Folder, CchenSoft.Portal.CMS" />
		<typeAlias alias="MimeType" type="CchenSoft.Portal.CMS.Model.MimeType, CchenSoft.Portal.CMS" />
	</alias>
	
	<resultMaps>
	
		<resultMap id="DocumentResult" class="Document">
		    <result property="FileId" column="doc_id"/>
		    <result property="Name" column="name" />
			<result property="FileSize" column="file_size" />
			<result property="CreateDate" column="create_date" />
			<result property="UserId" column="user_id" />
			
			<result property="FolderId" column="folder_id" />
			<result property="Summary" column="summary" />
		</resultMap>

		<resultMap id="FolderResult" class="Folder">
			<result property="FileId" column="folder_id"/>
			<result property="Name" column="name" />
			<result property="CreateDate" column="create_date" />
			<result property="UserId" column="user_id" />

			<result property="ParentId" column="parent_id" />
		</resultMap>

		<resultMap id="MimeTypeResult" class="MimeType">
			<result property="Type" column="type"/>
			<result property="Extensions" column="extensions" />
			<result property="Description" column="description" />
			<result property="IconUrl" column="icon_url" />
		</resultMap>
		
	</resultMaps>
	
	<statements>

		<select id="SelectMimeType" resultMap="MimeTypeResult">
			select * from portal_cms_mimetypes
			<dynamic prepend="WHERE">
				<isParameterPresent>
					type = #value#
				</isParameterPresent>
			</dynamic>
		</select>

		<select id="SelectDocument" resultMap="DocumentResult">
			select * from portal_cms_documents
			<dynamic prepend="WHERE">
				<isParameterPresent>
					doc_id = #value#
				</isParameterPresent>
			</dynamic>
		</select>
		
		<insert id="InsertDocument" parameterClass="Document">
			insert into portal_cms_documents (name, folder_id, file_size, user_id, summary, create_date)
			values (#Name#, #FolderId#, #FileSize#, #UserId#, #Summary#, #CreateDate#)
			<selectKey property="FileId" resultClass="int" type="post">
				select @@Identity as FileId
			</selectKey>
		</insert>

		<insert id="InsertDocumentData" parameterClass="map">
			insert into portal_cms_document_data (doc_id, data)
			values (#DocId#, #Data#)
		</insert>

		<insert id="GetDocumentData" parameterClass="int">
			select data from portal_cms_document_data
			where doc_id = #value#
		</insert>
		
		<select id="GetFolderDocuments" parameterClass="int" resultMap="DocumentResult">
			select * from portal_cms_documents
			where folder_id = #value#
		</select>
		
		<select id="SelectFolder" resultMap="FolderResult">
			select * from portal_cms_folders
			<dynamic prepend="WHERE">
				  <isParameterPresent>
					  folder_id = #value#
				  </isParameterPresent>
			   </dynamic>
		 </select>

		<insert id="InsertFolder" parameterClass="Folder">
			insert into portal_cms_folders (name, parent_id, create_date, user_id)
			values (#Name#, #ParentId#, #CreateDate#, #UserId#)
		</insert>
		
		<select id="GetSubFolders" parameterClass="int" resultMap="FolderResult">
			select * from portal_cms_folders
			where parent_id = #value#
		</select>
		
	</statements>
</sqlMap>