<?xml version="1.0" encoding="utf-8" ?> 
<sqlMap xmlns:xsi="http://www.w3.org/2001/XMLSchema-instance" xmlns="http://ibatis.apache.org/mapping" namespace="WebFx">
<!-- XML "behind" document for the info service class. -->

	<alias>
		<typeAlias alias="Info" type="CchenSoft.WebFx.Samples.Model.Info, CchenSoft.WebFx.Samples" />		
	</alias>
	
	<resultMaps>
	
		<resultMap id="InfoResult" class="Info">
		    <result property="Id" column="id"/>
		    <result property="Title" column="title" />
			<result property="Category" column="category" />
		    <result property="Content" column="content" />
		    <result property="AddDate" column="add_date" />
		</resultMap>
		
	</resultMaps>
	
	<statements>

		<select id="GetInfoCount" resultClass="int">
			select count(*) from webfx_infos
		</select>

		<select id="SelectInfo" resultMap="InfoResult">
			select * from webfx_infos
			<dynamic prepend="WHERE">
				<isParameterPresent>
					id = #value#
				</isParameterPresent>
			</dynamic>
		</select>
		
		<insert id="InsertInfo" parameterClass="Info">
			insert into webfx_infos (title, category, content, add_date)
			values (#Title#, #Category#, #Content#, #AddDate#)
			<selectKey property="Id" resultClass="int" type="post">
				select @@Identity as Id
			</selectKey>
		</insert>

		<update id="UpdateInfo" parameterClass="Info">
			update webfx_infos set
			title = #Title#,
			category = #Category#,
			content = #Content#,
			add_date = #AddDate#
			where id=#Id#
		</update>
		
	</statements>
</sqlMap>