<?xml version="1.0" encoding="utf-8" ?>
<sqlMap xmlns:xsi="http://www.w3.org/2001/XMLSchema-instance" xmlns="http://ibatis.apache.org/mapping" namespace="webfx">
	<!-- XML "behind" document for the info service class. -->

	<alias>
		<typeAlias alias="Role" type="CchenSoft.WebFx.Samples.Model.Role, CchenSoft.WebFx.Samples" />
	</alias>

	<resultMaps>

		<resultMap id="RoleResult" class="Role">
			<result property="RoleId" column="role_id"/>
			<result property="Name" column="name" />
			<result property="Description" column="description" />
		</resultMap>

	</resultMaps>

	<statements>

		<select id="SelectRole" resultMap="RoleResult">
			select * from webfx_roles
			<dynamic prepend="WHERE">
				<isParameterPresent>
					role_id = #value#
				</isParameterPresent>
			</dynamic>
		</select>

		<insert id="InsertRole" parameterClass="Role">
			insert into webfx_roles (name, description)
			values (#Name#, #Description#)
		</insert>

		<update id="UpdateRole" parameterClass="Role">
			update webfx_roles set
			name = #Name#,
			description = #Description#,
			where role_id = #RoleId#
		</update>

		<delete id="DeleteRole" parameterClass="int">
			delete from webfx_roles
			where role_id = #value#
		</delete>

		<select id="GetRoleUsers" parameterClass="int" resultClass="string">
			select username from webfx_roles_users
			where role_id = #value#
		</select>

		<select id="GetUserRoles" parameterClass="int" resultMap="RoleResult">
			select * from webfx_roles 
				where role_id in (select role_id from gis_roles_users where user_id = #value#)
		</select>

		<delete id="DeleteRoleUsers" parameterClass="int">
			delete from webfx_roles_users
			where role_id = #value#
		</delete>

		<delete id="DeleteUserFromRole" parameterClass="map">
			delete from webfx_roles_users
			where role_id = #roleId# and user_id = #userId#
		</delete>

		<insert id="InsertUserToRole" parameterClass="map">
			insert into webfx_roles_users (role_id, user_id)
			values (#roleId#, #userId#)
		</insert>

		<select id="CheckResourceExists" parameterClass="map" resultClass="int">
			select count(*) from webfx_roles_resources
				where role_id = #roleId# and name = #name#
		</select>
		
		<select id="GetRolePermissions" parameterClass="map" resultClass="string">
			select permissions from webfx_roles_resources
				where role_id = #roleId# and name = #name#
		</select>

		<select id="GetUserPermissions" parameterClass="map" resultClass="string">
			select permissions from webfx_roles_resources
			where role_id in (select role_id from webfx_roles_users where user_id = #userId#)
					 and name = #name#
		</select>
		
		<insert id="InsertResource" parameterClass="map">
			insert into webfx_roles_resources (name, role_id, permissions)
			values (#name#, #roleId#, #permissions#)
		</insert>

		<update id="UpdateResource" parameterClass="map">
			update webfx_roles_resources set
			permissions = #permissions#
			where role_id = #roleId# and name = #name#
		</update>

		<delete id="DeleteResource" parameterClass="int">
			delete from webfx_roles_resources
			where role_id = #value#
		</delete>
		
	</statements>
</sqlMap>