<?xml version="1.0" encoding="utf-8" ?>
<sqlMap xmlns:xsi="http://www.w3.org/2001/XMLSchema-instance" xmlns="http://ibatis.apache.org/mapping" namespace="webfx">
	<!-- XML "behind" document for the info service class. -->

	<alias>
		<typeAlias alias="User" type="CchenSoft.WebFx.Samples.Model.User, CchenSoft.WebFx.Samples" />
	</alias>

	<resultMaps>

		<resultMap id="UserResult" class="User">
			<result property="UserId" column="user_id"/>
			<result property="Username" column="username" />
			<result property="Passwd" column="passwd" />
		</resultMap>

	</resultMaps>

	<statements>

		<select id="ValidateLogin" parameterClasls="map">
			select user_id from webfx_users
					where username = #username# and passwd = #passwd#
	   </select>
		
	</statements>
</sqlMap>