<?xml version="1.0" encoding="utf-8" ?> 

<sqlMap xmlns:xsi="http://www.w3.org/2001/XMLSchema-instance" xmlns="http://ibatis.apache.org/mapping" namespace="CchenSoft.Blog">

	<!-- XML "behind" document for the info service class. -->

	<alias>
		<typeAlias alias="Post" type="CchenSoft.Portal.Blog.Model.Post, CchenSoft.Portal.Blog" />
		<typeAlias alias="PostComment" type="CchenSoft.Portal.Blog.Model.PostComment, CchenSoft.Portal.Blog" />		
		<typeAlias alias="PostCategory" type="CchenSoft.Portal.Blog.Model.PostCategory, CchenSoft.Portal.Blog" />
		<typeAlias alias="Subscriber" type="CchenSoft.Portal.Blog.Model.Subscriber, CchenSoft.Portal.Blog" />
	</alias>
	
	<resultMaps>
	
		<!-- 文章映射 -->
		<resultMap id="PostResult" class="Post">
			<result property="PostID" column="post_id" />
			<result property="Title" column="title" />
			<result property="Summary" column="summary" />
			<result property="Tags" column="tags" />
			<result property="CreateDate" column="create_date" />
			<result property="UserID"  column="user_id" />
			<result property="CategoryId" column="category_id" />
			<result property="Hits"  column="hits" />
			<result property="Comments"  column="comments" />
			<result property="IsHot"  column="is_hot" />
		</resultMap>
		
		<!-- 文章评论对象映射 -->
		<resultMap id="PostCommentResult" class="PostComment">
			<result property="CommentID" column="comment_id" />
			<result property="Content" column="content" />
			<result property="CreateDate" column="create_date" />
			<result property="UserID" column="user_id" />
			<result property="PostID" column="post_id" />
			<result property="UserName" column="username"/>
		</resultMap>
		
		<!-- 文章类别对象映射 -->
		<resultMap id="PostCategoryResult" class="PostCategory">
			<result property="CategoryID" column="category_id" />
			<result property="Name" column="name" />
			<result property="UserID" column="user_id" />
		</resultMap>
		
		<!-- 订阅对象映射 -->
		<resultMap id="SubscriberResult" class="Subscriber">
			<result property="SubId" column="sub_id" />
			<result property="UserId" column="user_id" />
			<result property="Email" column="email" />
			<result property="SubDate" column="sub_date" />
			<result property="ValidateCode" column="validate_code" />
			<result property="Enabled" column="enabled" />
		</resultMap>

	</resultMaps>
	
	<statements>
			
		<delete id="DeletePost" parameterClass="int">
			delete from portal_blog_posts 
					 where post_id = #value#
		</delete>

		<delete id="DeletePostData" parameterClass="int">
			delete from portal_blog_postdata
			where post_id = #value#
		</delete>
		
		<delete id="DeleteSubscriber" parameterClass="int" >
				  delete from portal_blog_subscribers
							  where sub_id = #value#
			  </delete>

		<insert id="InsertSubscriber" parameterClass="Subscriber">
				  insert into portal_blog_subscribers (user_id, email, sub_date, validate_code, enabled)
							  values (#UserId#, #Email#, #SubDate#, #ValidateCode#, #Enabled#)
			  </insert>

		<select id="GetSubscriberByCode" parameterClass="map" resultMap="SubscriberResult">
				  select * from portal_blog_subscribers
							  where sub_id = #SubId# and validate_code = #Code#
			  </select>

		<update id="UpdateSubscriber" parameterClass="Subscriber">
				  update portal_blog_subscribers set
							  enabled = #Enabled#
						where sub_id = #SubId#
			  </update>

		<select id="GetSubscriberByEmail" parameterClass="string" resultMap="SubscriberResult">
				  select * from portal_blog_subscribers
							  where email = #value#
		</select>
			
			<!--
			
		<insert id="AddArticles" parameterClass="map">
			insert into t_blog_article (id,title,content,userid,name,typeid)
			values(#id#,#title#,#content#,#userid#,#name#,#typeid#)
		</insert>

		<update id="UpdateArticlesCate" parameterClass="int">
			update t_blog_article set typeid=0	where typeid=#typeid#
		</update>

		<delete id="DeleteArticles" parameterClass="int">
			delete t_blog_article
			where id=#id#
		</delete>
		-->

		<update id="UpdatePostHits" parameterClass="int">
			update portal_blog_posts set
			hits=hits+1
			where post_id = #value#
		</update>

		<insert id="InsertPostData" parameterClass="map">
			insert into portal_blog_postdata (post_id, content)
				values (#postId#, #content#)
		</insert>
		
		<update id="UpdatePostData" parameterClass="map">
			update portal_blog_postdata set
				content=#content#
			where post_id = #postId#
		</update>

		<select id="GetPostData" parameterClass="int">
			select content from portal_blog_postdata
				where post_id = #value#
		</select>
		
		<select id="GetPostById" parameterClass="int" resultMap="PostResult">
			select * from portal_blog_posts 
					 where post_id=#value#	
		</select>

		<select id="GetHotReadPosts" parameterClass="int" resultMap="PostResult">
			select * from portal_blog_posts 
					 where user_id=#value# 
					order by hits desc
		</select>

		<select id="GetHotCommentPosts" parameterClass="int" resultMap="PostResult">
			select * from portal_blog_posts
			where user_id=#value#
			order by comments desc
		</select>
		
		<!--
		<select id="GetNewBlogArticles" parameterClass="map" resultMap="PostResult">
			select * from (select * from t_blog_article where userid=#userid# order by puttime desc) where rownum&lt;=#num#
		</select>

		<select id="GetTjBlogArticles" parameterClass="int" resultMap="PostResult">
			select * from (select * from t_blog_article where ishot='1' order by puttime desc) where rownum&lt;=#num#
		</select>

		<select id="GetBlogArticlesbytime" parameterClass="map" resultMap="PostResult">
			select * from t_blog_article where userid=#userid# and to_char(PUTTIME, 'yyyy-mm-dd')=#time#
		</select>

		<select id="GetBlogArticlesBytype" parameterClass="map" resultMap="PostResult">
			select * from t_blog_article where userid=#userid# and typeid=#typeid# order by puttime desc
		</select>

		<select id="GetBlogArticlesByUserId" parameterClass="map" resultMap="PostResult">
			select * from t_blog_article where userid=#userid# order by puttime desc
		</select>
		-->
		
		<select id="GetCategorys" parameterClass="int" resultMap="PostCategoryResult">
			select * from portal_blog_categories
			<dynamic prepend="WHERE">
				<isParameterPresent>
					user_id = #value#
				</isParameterPresent>
			</dynamic>
		</select>

		<!--
		<insert id="InsertCategory" parameterClass="PostCategory">
		<selectKey resultClass="int" property="ID" type="pre">
				select T_BLOG_ARTICLECATEGORY_SEQ.NEXTVAL as ID from DUAL 
		</selectKey> 
			insert into t_blog_ArticleCategory (id,userid,title) values(#ID#,#USERID#,#TITLE#)
		</insert>

		<select id="GetCategorycount" parameterClass="int" resultClass="int">
			select count(*) from t_blog_ArticleCategory
			<dynamic prepend="WHERE">
				<isParameterPresent>
					userid = #value#
				</isParameterPresent>
			</dynamic>
		</select>

		<select id="Gettzlist" parameterClass="int" resultMap="PostResult">
			select * from t_blog_Article
			<dynamic prepend="WHERE">
				<isParameterPresent>
					userid = #value#
				</isParameterPresent>
				order by puttime desc
			</dynamic>
		</select>

		<select id="Getcategoryby_typeid" parameterClass="int" resultMap="PostCategoryResult">
			select * from t_blog_ArticleCategory
			<dynamic prepend="WHERE">
				<isParameterPresent>
					id = #value#
				</isParameterPresent>
			</dynamic>
		</select>

		<select id="Gettzlistcount" parameterClass="int" resultClass="int">
			select count(*) from t_blog_Article
			<dynamic prepend="WHERE">
				<isParameterPresent>
					userid = #value#
				</isParameterPresent>
			</dynamic>
		</select>
		
		<select id="GetMyintros" parameterClass="int" >
			select content from t_blog_user where userid=#userid#
		</select>
		-->

		<insert id="addArticleComment" parameterClass="PostComment">
			insert into portal_blog_post_comments (content, post_id, username, create_date)
			values(#Content#, #PostID#, #UserName#, #CreateDate#)
			<selectKey resultClass="int" property="CommentID" type="post">
				select @@Identity as CommentID
		</selectKey> 
		</insert>

		<!---
		<update id="updaeArticleComment" parameterClass="map">
		update  t_blog_articleComment set id=#id#,content=#content#,to_userid=#to_userid#,from_userid=#from_userid#,articleid=#articleid# ,username=#username#
		where id=#id#
		</update>

		<delete id="deleteArticleComment" parameterClass="int">
		delete  t_blog_articleComment where id=#id#
		</delete>

		-->
		<select id="GetNewComment" parameterClass="int"  resultMap="PostCommentResult">
			select * from portal_blog_post_comments
			where post_id in (select post_id from portal_blog_posts where user_id=#value#)
			order by create_date desc
		</select>
		
		
        <select id="GetPostComments" parameterClass="int"  resultMap="PostCommentResult">
			select * from portal_blog_post_comments
			where post_id = #value#
			order by create_date desc
		</select>

		<!--
        <select id="GetUserArticleComment" parameterClass="int"  resultMap="PostCommentResult">
			select * from t_blog_articlecomment where to_userid=#to_userid# order by puttime desc
		</select>

        <select id="GetUserArticleCommentcount" parameterClass="int"  resultClass="int">
			select count(*) from t_blog_articlecomment where to_userid=#to_userid#
		</select>	

        <select id="GetCommentcountbyArticleId" parameterClass="int"  resultClass="int">
			select count(*) from t_blog_articlecomment where articleid=#articleid#
		</select>				
		-->
		
		<select id="GetPosts" parameterClass="map" resultMap="PostResult">
			select * from portal_blog_posts
			where user_id=#userid#
			<isGreaterThan property="typeid" compareValue="0" prepend="and">
				category_id=#typeid#
			  </isGreaterThan>
			order by create_date desc
		</select>

		<select id="GetArticleListByUserId" parameterClass="map" resultMap="PostResult">
			select * from portal_blog_posts
			where user_id=#userid#
			order by create_date desc
		</select>

		<select id="GetPostCount" resultClass="int" parameterClass="map">
			select count(*) from portal_blog_posts
			where user_id=#userid#
			<isGreaterThan property="typeid" compareValue="0" prepend="and">
				category_id=#typeid#
			</isGreaterThan>									
		</select>

		<select id="GetArticleCountByUserId" resultClass="int" parameterClass="map">
			select count(*) from portal_blog_posts
			where user_id=#userid#
		</select>

		<update id="UpdatePostComments" parameterClass="int">
			update portal_blog_posts set
				comments=comments + 1
			where post_id=#value#
		</update>

		<!--

		<delete id="Categorydelete" parameterClass="int">
			delete t_blog_articlecategory
			where id=#id#
		</delete>
		<update id="CategoryUpdate" parameterClass="map">
			update t_blog_articlecategory set
				title = #name#
				where id = #id#
		</update>
		-->
		
		<insert id="InsertPost" parameterClass="Post">
			insert into portal_blog_posts (title, user_id, category_id, summary, tags, create_date)
			values(#Title#, #UserID#, #CategoryId#, #Summary#, #Tags#, #CreateDate#)
			<selectKey resultClass="int" property="PostID" type="post">
				select @@Identity as PostID
			</selectKey>
		</insert>

		<update id="UpdatePost" parameterClass="Post">
			update portal_blog_posts set
			title = #Title#,
			summary = #Summary#,
			tags = #Tags#,
			category_id = #CategoryId#
			where post_id = #PostID#
		</update>
	
		<!--
		<select id="GetAllArticleForPage" parameterClass="map" resultMap="PostResult">
		    select * from t_blog_article order by puttime desc
		</select>

		<select id="GetAllArticleCount" resultClass="int">
		    select count(*) from t_blog_article
		</select>

		<update id="UpdateArticleTj" parameterClass="int">
			update t_blog_article set ishot='1' where id=#id#
		</update>

		<update id="UpdateArticleNoTj" parameterClass="int">
			update t_blog_article set ishot='0' where id=#id#
		</update>

        <select id="GetAllComment"  resultMap="PostCommentResult">
			select * from t_blog_articlecomment order by puttime desc
		</select>

        <select id="GetAllCommentcount"  resultClass="int">
			select count(*) from t_blog_articlecomment
		</select>

		-->
	</statements>
	
</sqlMap>
