<?xml version="1.0" encoding="utf-8" ?> 
<sqlMap xmlns:xsi="http://www.w3.org/2001/XMLSchema-instance" xmlns="http://ibatis.apache.org/mapping" namespace="Business">
<!-- XML "behind" document for the info service class. -->

	<alias>
		<typeAlias alias="PortalPage" type="CchenSoft.Portal.Model.PortalPage, CchenSoft.Portal" />
		<typeAlias alias="PortletInstance" type="CchenSoft.Portal.Model.PortletInstance, CchenSoft.Portal" />
	</alias>
	
	<resultMaps>
	
		<resultMap id="PortalPageResult" class="PortalPage">
		    <result property="PageId" column="page_id"/>
		    <result property="Name" column="name" />
			<result property="UserId" column="user_id" />
			<result property="PageType" column="page_type" />
			<result property="Settings" column="settings" />
		    <result property="ParentId" column="parent_id" />
			<result property="FriendlyUrl" column="friendly_url" />
			<result property="LayoutId" column="layout_id" />
			<result property="ThemeId" column="theme_id" />
			<result property="SortNo" column="sort_no" />
			<result property="IsHidden" column="is_hidden" />
		</resultMap>

		<resultMap id="PortletInstanceResult" class="PortletInstance">
			<result property="PortletId" column="portlet_id"/>
			<result property="InstanceId" column="instance_id" />
			<result property="UserId" column="user_id" />
			<result property="PageId" column="page_id" />
			<result property="Title" column="title" />
			<result property="Preferences" column="preferences" />
		</resultMap>

	</resultMaps>
	
	<statements>
		
		<insert id="InsertPortalPage" parameterClass="PortalPage">
			insert into portal_pages (name, user_id, page_type, settings, parent_id, friendly_url, layout_id, theme_id, sort_no, is_hidden)
				values (#Name#, #UserId#, #PageType#, #Settings#, #ParentId#, #FriendlyUrl#, #LayoutId#, #ThemeId#, #SortNo#, #IsHidden#)
		</insert>

		<update id="UpdatePortalPage" parameterClass="PortalPage">
			update portal_pages set
			name = #Name#,
			user_id = #UserId#,
			page_type = #PageType#,
			settings = #Settings#,
			parent_id = #ParentId#,
			friendly_url = #FriendlyUrl#,
			layout_id = #LayoutId#,
			theme_id = #ThemeId#,
			sort_no = #SortNo#,
			is_hidden = #IsHidden#
			where page_id = #PageId#
		</update>
		
		<select id="GetPortalPageByUrl" parameterClass="string" resultMap="PortalPageResult">
			select * from portal_pages
				where friendly_url = #value#
		</select>

		<select id="GetPortalPageById" parameterClass="int" resultMap="PortalPageResult">
			select * from portal_pages
				where page_id = #value#
		</select>
		
		<select id="GetPortalPages" parameterClass="map" resultMap="PortalPageResult">
			select * from portal_pages
				where parent_id = #ParentId# and user_id = #UserId#
				order by sort_no	 
		</select>

		<select id="LoadPortletInstance" parameterClass="string" resultMap="PortletInstanceResult">
			select * from portal_portlets
			where instance_id = #value#
		</select>

		<select id="GetInstanceByPortlet" parameterClass="map" resultMap="PortletInstanceResult">
			select * from portal_portlets
				where page_id = #PageId# and portlet_id = #Portlet#
		</select>
			  
		<insert id="InsertPortletInstance" parameterClass="PortletInstance">
			insert into portal_portlets (portlet_id, user_id, page_id, title, preferences)
			values (#PortletId#, #UserId#, #PageId#, #Title#, #Preferences#)
			<selectKey resultClass="int" property="InstanceId" type="post">
				select @@Identity as InstanceId
			</selectKey>
		</insert>

		<!--
		<insert id="InsertPortletInstance" parameterClass="PortletInstance">
			insert into portal_portlets (portlet_id, user_id, page_id, title, preferences)
			values (#PortletId#, #UserId#, #PageId#, #Title#, #Preferences#)
			<selectKey resultClass="int" property="InstanceId" type="post">
				select last_insert_id() as InstanceId
			</selectKey>
		</insert>
		-->			  
		
		<delete id="DeletePortletInstance" parameterClass="string">
			delete from portal_portlets
				where instance_id = #value#
		</delete>

		<update id="UpdatePreferences" parameterClass="map">
			update portal_portlets					 
				set preferences = #Preferences#
			where instance_id = #InstanceId#
		</update>
		
	</statements>
</sqlMap>