<?xml version="1.0" encoding="utf-8" ?> 
<sqlMap xmlns:xsi="http://www.w3.org/2001/XMLSchema-instance" xmlns="http://ibatis.apache.org/mapping" namespace="Business">
<!-- XML "behind" document for the info service class. -->

	<alias>
		<typeAlias alias="User" type="CchenSoft.Portal.Model.User, CchenSoft.Portal" />
	</alias>
	
	<resultMaps>

		<resultMap id="UserResult" class="User">
			<result property="UserId" column="user_id"/>
			<result property="LoginName" column="login_name" />
			<result property="Passwd" column="passwd" />
			<result property="RealName" column="real_name" />
		    <result property="Email" column="email" />
			<result property="IsAdmin" column="is_admin" />
		</resultMap>

	</resultMaps>
	
	<statements>

		<select id="GetUserCount" resultClass="int">
			select count(*) from portal_users
		</select>
		
		<select id="SelectUser" parameterClass="int" resultMap="UserResult">
			select * from portal_users
			<dynamic prepend="WHERE">
				<isParameterPresent>
					user_id = #value#
				</isParameterPresent>
			</dynamic>
		</select>

		<select id="GetUserByName" parameterClass="string" resultMap="UserResult">
			select * from portal_users
				where login_name = #value#
		</select>
		
		<select id="ValidateLogin" parameterClass="map" resultMap="UserResult">
			select * from portal_users
				where login_name = #Name# and passwd = #Passwd#
		</select>

		<insert id="InsertUser" parameterClass="User">
			insert into portal_users (login_name, passwd, real_name, email)
			values (#LoginName#, #Passwd#, #RealName#, #Email#)
		</insert>
	</statements>
	
</sqlMap>