<?xml version="1.0" encoding="utf-8" ?> 
<sqlMap xmlns:xsi="http://www.w3.org/2001/XMLSchema-instance" xmlns="http://ibatis.apache.org/mapping" namespace="Business">
<!-- XML "behind" document for the info service class. -->

	<alias>
		<typeAlias alias="IGImage" type="CchenSoft.Portal.ImageGallery.Model.IGImage, CchenSoft.Portal.ImageGallery" />
		<typeAlias alias="IGFolder" type="CchenSoft.Portal.ImageGallery.Model.IGFolder, CchenSoft.Portal.ImageGallery" />
	</alias>
	
	<resultMaps>
	
		<resultMap id="IGImageResult" class="IGImage">
		    <result property="ImageId" column="image_id"/>
		    <result property="Name" column="name" />
			<result property="CreateDate" column="create_date" />
			<result property="FolderId" column="folder_id" />
			<result property="Description" column="description" />
			<result property="UserId" column="user_id" />
		</resultMap>

		<resultMap id="IGFolderResult" class="IGFolder">
			<result property="FolderId" column="folder_id"/>
			<result property="Name" column="name" />
			<result property="ParentId" column="parent_id" />
			<result property="CreateDate" column="create_date" />
			<result property="Description" column="description" />
			<result property="UserId" column="user_id" />
		</resultMap>
		
	</resultMaps>
	
	<statements>

		<select id="SelectIGImage" resultMap="IGImageResult">
			select * from portal_imagegallery_images
			<dynamic prepend="WHERE">
				<isParameterPresent>
					image_id = #value#
				</isParameterPresent>
			</dynamic>
		</select>

		<insert id="InsertIGImage" parameterClass="IGImage">
			insert into portal_imagegallery_images (name, folder_id, description, user_id, create_date)
			values (#Name#, #FolderId#, #Description#, #UserId#, #CreateDate#)
			<selectKey property="ImageId" resultClass="int" type="post">
				select @@Identity as ImageId
			</selectKey>
		</insert>

		<insert id="InsertIGImageData" parameterClass="map">
			insert into portal_imagegallery_images_data (image_id, data)
			values (#ImageId#, #Data#)
		</insert>

		<insert id="GetIGImageData" parameterClass="int">
			select data from portal_imagegallery_images_data
			where image_id = #value#
		</insert>
		
		<select id="GetFolderIGImages" parameterClass="int" resultMap="IGImageResult">
			select * from portal_imagegallery_images
			where folder_id = #value#
		</select>
		
		<select id="SelectIGFolder" resultMap="IGFolderResult">
			select * from portal_imagegallery_folders
			<dynamic prepend="WHERE">
				<isParameterPresent>
					folder_id = #value#
				</isParameterPresent>
			</dynamic>
		</select>

		<insert id="InsertIGFolder" parameterClass="IGFolder">
			insert into portal_imagegallery_folders (name, parent_id, create_date, user_id, description)
			values (#Name#, #ParentId#, #CreateDate#, #UserId#, #Description#)
		</insert>
		
		<select id="GetSubIGFolders" parameterClass="int" resultMap="IGFolderResult">
			select * from portal_imagegallery_folders
			where parent_id = #value#
		</select>
		
	</statements>
</sqlMap>