<?xml version="1.0" encoding="utf-8" ?> 
<sqlMap xmlns:xsi="http://www.w3.org/2001/XMLSchema-instance" xmlns="http://ibatis.apache.org/mapping" namespace="WebFx">
<!-- XML "behind" document for the info service class. -->

	<alias>
		<typeAlias alias="Info" type="Samples.Model.Info, Samples" />
    <typeAlias alias="User" type="Samples.Model.User, Samples" />
    <typeAlias alias="DateTimeTypeHandler" type="CchenSoft.Framework.DataAccess.DateTimeTypeHandler, DataAccess.IBatisNet"/>
  </alias>

  <resultMaps>

    <resultMap id="InfoResult" class="Info">
      <result property="Id" column="id"/>
      <result property="Title" column="title" />
      <result property="Category" column="category" />
      <result property="Content" column="content" />
      <result property="AddDate" column="add_date" typeHandler="DateTimeTypeHandler" />  <!-- typeHandler for access -->
    </resultMap>

    <resultMap id="UserResult" class="User">
      <result property="UserId" column="user_id"/>
      <result property="Username" column="username" />
      <result property="Passwd" column="passwd" />
    </resultMap>

  </resultMaps>
	
	<statements>

		<select id="GetInfoCount" resultClass="int">
			select count(*) from t_infos
		</select>

		<select id="SelectInfo" resultMap="InfoResult">
			select * from t_infos
			<dynamic prepend="WHERE">
				<isParameterPresent>
					id = #value#
				</isParameterPresent>
			</dynamic>
		</select>
		
		<insert id="InsertInfo" parameterClass="Info">
      insert into t_infos (title, category, content, add_date)
      values (#Title#, #Category#, #Content#, #AddDate,handler=DateTimeTypeHandler#)
      <selectKey property="Id" resultClass="int" type="post">
        select @@Identity as Id
      </selectKey>
    </insert>

    <update id="UpdateInfo" parameterClass="Info">
      update t_infos set
      title = #Title#,
      category = #Category#,
      content = #Content#,
      add_date = #AddDate,handler=DateTimeTypeHandler#
      where id=#Id#
    </update>

    <select id="ValidateLogin" parameterClass="map">
      select user_id from t_users
      where username = #username# and passwd = #passwd#
    </select>

    <select id="CheckUserResourceExists" parameterClass="map" resultClass="int">
      select count(*) from t_users_resources
      where user_id = #userId# and name = #name#
    </select>

    <select id="GetPermission" parameterClass="map" resultClass="string">
      select permissions from t_users_resources
      where user_id = #userId# and name = #name#
    </select>

    <insert id="InsertUserResource" parameterClass="map">
      insert into t_users_resources (name, user_id, permissions)
      values (#name#, #userId#, #permissions#)
    </insert>

    <update id="UpdateUserResource" parameterClass="map">
      update t_users_resources set
      permissions = #permissions#
      where user_id = #userId# and name = #name#
    </update>
    
	</statements>
</sqlMap>