<?xml version="1.0"?>

<hibernate-mapping xmlns="urn:nhibernate-mapping-2.2">

  <class name="Samples.Model.User, Samples" table="t_users" lazy="false">
    <id name="UserId" column="user_id" type="int" unsaved-value="0">
      <generator class="native"/>
    </id>
    <property name="Username" column="username"/>
    <property name="Passwd" column="passwd"/>
  </class>

  <class name="Samples.Model.Info, Samples" table="t_infos" lazy="false">
    <id name="Id" column="id" type="int" unsaved-value="0">
      <generator class="native"/>
    </id>
    <property name="Title" column="title"/>
    <property name="Category" column="category"/>
    <property name="Content" column="content"/>
    <property name="AddDate" column="add_date"/>
  </class>
 
</hibernate-mapping>
