<?xml version="1.0" encoding="utf-8" ?> 
<sqlMap xmlns:xsi="http://www.w3.org/2001/XMLSchema-instance" xmlns="http://ibatis.apache.org/mapping" namespace="Business">
<!-- XML "behind" document for the info service class. -->

	<alias>
		<typeAlias alias="Task" type="CchenSoft.Portal.Calendar.Model.Task, CchenSoft.Portal.Calendar" />
	</alias>
	
	<resultMaps>

		<resultMap id="TaskResult" class="Task">
			<result property="TaskId" column="task_id"/>
			<result property="Subject" column="subject" />
			<result property="Content" column="content" />
			<result property="UserId" column="user_id" />
			<result property="EndDate" column="end_date" />
		    <result property="StartDate" column="start_date" />
			<result property="State" column="state" />
			<result property="Priority" column="priority" />
			<result property="Percent" column="percent_" />
		</resultMap>

	</resultMaps>
	
	<statements>

		<select id="GetTaskCount" resultClass="int">
			select count(*) from portal_calendar_tasks
		</select>

		<select id="SelectTask" parameterClass="int" resultMap="TaskResult">
			select * from portal_calendar_tasks
			<dynamic prepend="WHERE">
				<isParameterPresent>
					task_id = #value#
				</isParameterPresent>
			</dynamic>
		</select>

		<insert id="InsertTask" parameterClass="Task">
			insert into portal_calendar_tasks (subject, content, user_id, end_date, start_date, state, priority, percent_)
			values (#Subject#, #Content#, #UserId#, #EndDate#, #StartDate#, #State#, #Priority#, #Percent#)
		</insert>

		<update id="UpdateTask" parameterClass="Task">
			update portal_calendar_tasks set
			subject = #Subject#,
			content = #Content#,
			end_date = #EndDate#,
			start_date = #StartDate#,
			state = #State#,
			priority = #Priority#,
			percent_ = #Percent#
			where task_id = #TaskId#
		</update>
		
	</statements>
	
</sqlMap>